Year,CollectionDate,CollectionType,Experiment,Enrichment,DOMSource,BlankOrSample,Replicate,DayOfExperiment,FilteredOrUnfiltered,BottleNum,Analysis,Concentration,units,notes,sourceDatasheet
2022,5/25/22,field,Pigrim R field sample at paradise road,NA,NA,sample,1,NA,filtered,DOC1,DOC,4.165,mg C / L,,AQUA data_2022-009_Marcarelli_2022-05-31.xlsx
2022,5/25/22,field,Pigrim R field sample at paradise road,NA,NA,sample,3,NA,filtered,DOC3,DOC,0.714,mg C / L,,AQUA data_2022-009_Marcarelli_2022-05-31.xlsx
2022,5/25/22,field,Pigrim R field sample at paradise road,NA,NA,sample,1,NA,filtered,DOC1,TDN,0.2477,mg N / L,,AQUA data_2022-009_Marcarelli_2022-05-31.xlsx
2022,5/25/22,field,Pigrim R field sample at paradise road,NA,NA,sample,3,NA,filtered,DOC3,TDN,<LOD,mg N / L,need to check on LOD,AQUA data_2022-009_Marcarelli_2022-05-31.xlsx
2022,6/9/22,lab,Enrichment experiment,NA,Chlorella,sample,10,15,filtered,chlorella w1 rep 10,DOC,74.75,mg C / L,,AQUA data_2022-010_Marcarelli_2022-06-17_TOC+TN.xlsx
2022,6/9/22,lab,Enrichment experiment,NA,Chlorella,sample,6,15,filtered,chlorella w1 rep 6,DOC,78.17,mg C / L,,AQUA data_2022-010_Marcarelli_2022-06-17_TOC+TN.xlsx
2022,6/9/22,lab,Enrichment experiment,NA,Chlorella,sample,7,15,filtered,chlorella w1 rep 7,DOC,74.6,mg C / L,,AQUA data_2022-010_Marcarelli_2022-06-17_TOC+TN.xlsx
2022,6/9/22,lab,Enrichment experiment,NA,Chlorella,sample,8,15,filtered,chlorella w1 rep 8,DOC,77.38,mg C / L,,AQUA data_2022-010_Marcarelli_2022-06-17_TOC+TN.xlsx
2022,6/9/22,lab,Enrichment experiment,NA,Chlorella,sample,9,15,filtered,chlorella w1 rep 9,DOC,76.92,mg C / L,,AQUA data_2022-010_Marcarelli_2022-06-17_TOC+TN.xlsx
2022,6/9/22,lab,Enrichment experiment,NA,Chlorella,sample,3,15,filtered,chlorella w1 rep 3,DOC,99.61,mg C / L,,AQUA data_2022-010_Marcarelli_2022-06-17_TOC+TN.xlsx
2022,6/9/22,lab,Enrichment experiment,NA,Chlorella,sample,4,15,filtered,chlorella w1 rep 4,DOC,77.76,mg C / L,,AQUA data_2022-010_Marcarelli_2022-06-17_TOC+TN.xlsx
2022,6/9/22,lab,Enrichment experiment,NA,Chlorella,sample,2,15,filtered,chlorella w1 rep 2,DOC,80.95,mg C / L,,AQUA data_2022-010_Marcarelli_2022-06-17_TOC+TN.xlsx
2022,6/9/22,lab,Enrichment experiment,NA,Chlorella,sample,1,15,filtered,chlorella w1 rep 1,DOC,78.83,mg C / L,,AQUA data_2022-010_Marcarelli_2022-06-17_TOC+TN.xlsx
2022,6/9/22,lab,Enrichment experiment,NA,Chlorella,blank,blank,15,filtered,chlr w1 blank 1,DOC,<LOD,mg C / L,,AQUA data_2022-010_Marcarelli_2022-06-17_TOC+TN.xlsx
2022,6/9/22,lab,Enrichment experiment,NA,SRFA,sample,9,15,filtered,srfa w1 rep 9,DOC,85.35,mg C / L,,AQUA data_2022-010_Marcarelli_2022-06-17_TOC+TN.xlsx
2022,6/9/22,lab,Enrichment experiment,NA,SRFA,sample,8,15,filtered,srfa w1 rep 8,DOC,84.48,mg C / L,,AQUA data_2022-010_Marcarelli_2022-06-17_TOC+TN.xlsx
2022,6/9/22,lab,Enrichment experiment,NA,SRFA,sample,7,15,filtered,srfa w1 rep 7,DOC,86.65,mg C / L,,AQUA data_2022-010_Marcarelli_2022-06-17_TOC+TN.xlsx
2022,6/9/22,lab,Enrichment experiment,NA,SRFA,sample,6,15,filtered,srfa w1 rep 6,DOC,85.5,mg C / L,,AQUA data_2022-010_Marcarelli_2022-06-17_TOC+TN.xlsx
2022,6/9/22,lab,Enrichment experiment,NA,SRFA,sample,5,15,filtered,srfa w1 rep 5,DOC,92.36,mg C / L,,AQUA data_2022-010_Marcarelli_2022-06-17_TOC+TN.xlsx
2022,6/9/22,lab,Enrichment experiment,NA,SRFA,sample,4,15,filtered,srfa w1 rep 4,DOC,99.87,mg C / L,,AQUA data_2022-010_Marcarelli_2022-06-17_TOC+TN.xlsx
2022,6/9/22,lab,Enrichment experiment,NA,SRFA,sample,3,15,filtered,srfa w1 rep 3,DOC,81.93,mg C / L,,AQUA data_2022-010_Marcarelli_2022-06-17_TOC+TN.xlsx
2022,6/9/22,lab,Enrichment experiment,NA,SRFA,sample,2,15,filtered,srfa w1 rep 2,DOC,87.64,mg C / L,,AQUA data_2022-010_Marcarelli_2022-06-17_TOC+TN.xlsx
2022,6/9/22,lab,Enrichment experiment,NA,SRFA,sample,1,15,filtered,srfa w1 rep 1,DOC,83.38,mg C / L,,AQUA data_2022-010_Marcarelli_2022-06-17_TOC+TN.xlsx
2022,6/9/22,lab,Enrichment experiment,NA,SRFA,blank,blank,15,filtered,srfa w1 blank 1,DOC,<LOD,mg C / L,,AQUA data_2022-010_Marcarelli_2022-06-17_TOC+TN.xlsx
2022,6/9/22,lab,Enrichment experiment,NA,SRFA,sample,10,15,filtered,srfa w1 rep 10,DOC,83.99,mg C / L,,AQUA data_2022-010_Marcarelli_2022-06-17_TOC+TN.xlsx
2022,6/9/22,lab,Enrichment experiment,NA,ES,sample,10,15,filtered,es w1 rep 10,DOC,87.96,mg C / L,,AQUA data_2022-010_Marcarelli_2022-06-17_TOC+TN.xlsx
2022,6/9/22,lab,Enrichment experiment,NA,ES,sample,9,15,filtered,es w1 rep 9,DOC,87.55,mg C / L,,AQUA data_2022-010_Marcarelli_2022-06-17_TOC+TN.xlsx
2022,6/9/22,lab,Enrichment experiment,NA,ES,sample,8,15,filtered,es w1 rep 8,DOC,85.72,mg C / L,,AQUA data_2022-010_Marcarelli_2022-06-17_TOC+TN.xlsx
2022,6/9/22,lab,Enrichment experiment,NA,ES,sample,7,15,filtered,es w1 rep 7,DOC,89.7,mg C / L,,AQUA data_2022-010_Marcarelli_2022-06-17_TOC+TN.xlsx
2022,6/9/22,lab,Enrichment experiment,NA,ES,sample,6,15,filtered,es w1 rep 6,DOC,90.51,mg C / L,,AQUA data_2022-010_Marcarelli_2022-06-17_TOC+TN.xlsx
2022,6/9/22,lab,Enrichment experiment,NA,ES,sample,5,15,filtered,es w1 rep 5,DOC,87.84,mg C / L,,AQUA data_2022-010_Marcarelli_2022-06-17_TOC+TN.xlsx
2022,6/9/22,lab,Enrichment experiment,NA,ES,blank,blank,15,filtered,es w1 blank 1,DOC,<LOD,mg C / L,,AQUA data_2022-010_Marcarelli_2022-06-17_TOC+TN.xlsx
2022,6/9/22,lab,Enrichment experiment,NA,ES,sample,1,15,filtered,es w1 rep 1,DOC,87.7,mg C / L,,AQUA data_2022-010_Marcarelli_2022-06-17_TOC+TN.xlsx
2022,6/9/22,lab,Enrichment experiment,NA,ES,sample,2,15,filtered,es w1 rep 2,DOC,84.8,mg C / L,,AQUA data_2022-010_Marcarelli_2022-06-17_TOC+TN.xlsx
2022,6/9/22,lab,Enrichment experiment,NA,ES,sample,3,15,filtered,es w1 rep 3,DOC,90.33,mg C / L,,AQUA data_2022-010_Marcarelli_2022-06-17_TOC+TN.xlsx
2022,6/9/22,lab,Enrichment experiment,NA,ES,sample,4,15,filtered,es w1 rep 4,DOC,87.09,mg C / L,,AQUA data_2022-010_Marcarelli_2022-06-17_TOC+TN.xlsx
2022,6/9/22,lab,Enrichment experiment,NA,Chlorella,sample,10,15,filtered,chlorella w1 rep 10,TDN,198.5,mg N / L,,AQUA data_2022-010_Marcarelli_2022-06-17_TOC+TN.xlsx
2022,6/9/22,lab,Enrichment experiment,NA,Chlorella,sample,6,15,filtered,chlorella w1 rep 6,TDN,208.3,mg N / L,,AQUA data_2022-010_Marcarelli_2022-06-17_TOC+TN.xlsx
2022,6/9/22,lab,Enrichment experiment,NA,Chlorella,sample,7,15,filtered,chlorella w1 rep 7,TDN,204.5,mg N / L,,AQUA data_2022-010_Marcarelli_2022-06-17_TOC+TN.xlsx
2022,6/9/22,lab,Enrichment experiment,NA,Chlorella,sample,8,15,filtered,chlorella w1 rep 8,TDN,206.2,mg N / L,,AQUA data_2022-010_Marcarelli_2022-06-17_TOC+TN.xlsx
2022,6/9/22,lab,Enrichment experiment,NA,Chlorella,sample,9,15,filtered,chlorella w1 rep 9,TDN,204,mg N / L,,AQUA data_2022-010_Marcarelli_2022-06-17_TOC+TN.xlsx
2022,6/9/22,lab,Enrichment experiment,NA,Chlorella,sample,3,15,filtered,chlorella w1 rep 3,TDN,208.9,mg N / L,,AQUA data_2022-010_Marcarelli_2022-06-17_TOC+TN.xlsx
2022,6/9/22,lab,Enrichment experiment,NA,Chlorella,sample,4,15,filtered,chlorella w1 rep 4,TDN,203.6,mg N / L,,AQUA data_2022-010_Marcarelli_2022-06-17_TOC+TN.xlsx
2022,6/9/22,lab,Enrichment experiment,NA,Chlorella,sample,2,15,filtered,chlorella w1 rep 2,TDN,210.4,mg N / L,,AQUA data_2022-010_Marcarelli_2022-06-17_TOC+TN.xlsx
2022,6/9/22,lab,Enrichment experiment,NA,Chlorella,sample,1,15,filtered,chlorella w1 rep 1,TDN,210.7,mg N / L,,AQUA data_2022-010_Marcarelli_2022-06-17_TOC+TN.xlsx
2022,6/9/22,lab,Enrichment experiment,NA,Chlorella,sample,1,15,filtered,chlr w1 blank 1,TDN,<LOD,mg N / L,,AQUA data_2022-010_Marcarelli_2022-06-17_TOC+TN.xlsx
2022,6/9/22,lab,Enrichment experiment,NA,SRFA,sample,9,15,filtered,srfa w1 rep 9,TDN,203.1,mg N / L,,AQUA data_2022-010_Marcarelli_2022-06-17_TOC+TN.xlsx
2022,6/9/22,lab,Enrichment experiment,NA,SRFA,sample,8,15,filtered,srfa w1 rep 8,TDN,202.4,mg N / L,,AQUA data_2022-010_Marcarelli_2022-06-17_TOC+TN.xlsx
2022,6/9/22,lab,Enrichment experiment,NA,SRFA,sample,7,15,filtered,srfa w1 rep 7,TDN,201.6,mg N / L,,AQUA data_2022-010_Marcarelli_2022-06-17_TOC+TN.xlsx
2022,6/9/22,lab,Enrichment experiment,NA,SRFA,sample,6,15,filtered,srfa w1 rep 6,TDN,198.3,mg N / L,,AQUA data_2022-010_Marcarelli_2022-06-17_TOC+TN.xlsx
2022,6/9/22,lab,Enrichment experiment,NA,SRFA,sample,5,15,filtered,srfa w1 rep 5,TDN,213.4,mg N / L,,AQUA data_2022-010_Marcarelli_2022-06-17_TOC+TN.xlsx
2022,6/9/22,lab,Enrichment experiment,NA,SRFA,sample,4,15,filtered,srfa w1 rep 4,TDN,197.6,mg N / L,,AQUA data_2022-010_Marcarelli_2022-06-17_TOC+TN.xlsx
2022,6/9/22,lab,Enrichment experiment,NA,SRFA,sample,3,15,filtered,srfa w1 rep 3,TDN,196.3,mg N / L,,AQUA data_2022-010_Marcarelli_2022-06-17_TOC+TN.xlsx
2022,6/9/22,lab,Enrichment experiment,NA,SRFA,sample,2,15,filtered,srfa w1 rep 2,TDN,206.2,mg N / L,,AQUA data_2022-010_Marcarelli_2022-06-17_TOC+TN.xlsx
2022,6/9/22,lab,Enrichment experiment,NA,SRFA,sample,1,15,filtered,srfa w1 rep 1,TDN,196.5,mg N / L,,AQUA data_2022-010_Marcarelli_2022-06-17_TOC+TN.xlsx
2022,6/9/22,lab,Enrichment experiment,NA,SRFA,sample,1,15,filtered,srfa w1 blank 1,TDN,<LOD,mg N / L,,AQUA data_2022-010_Marcarelli_2022-06-17_TOC+TN.xlsx
2022,6/9/22,lab,Enrichment experiment,NA,SRFA,sample,10,15,filtered,srfa w1 rep 10,TDN,198.3,mg N / L,,AQUA data_2022-010_Marcarelli_2022-06-17_TOC+TN.xlsx
2022,6/9/22,lab,Enrichment experiment,NA,ES,sample,10,15,filtered,es w1 rep 10,TDN,205.3,mg N / L,,AQUA data_2022-010_Marcarelli_2022-06-17_TOC+TN.xlsx
2022,6/9/22,lab,Enrichment experiment,NA,ES,sample,9,15,filtered,es w1 rep 9,TDN,198.3,mg N / L,,AQUA data_2022-010_Marcarelli_2022-06-17_TOC+TN.xlsx
2022,6/9/22,lab,Enrichment experiment,NA,ES,sample,8,15,filtered,es w1 rep 8,TDN,198.9,mg N / L,,AQUA data_2022-010_Marcarelli_2022-06-17_TOC+TN.xlsx
2022,6/9/22,lab,Enrichment experiment,NA,ES,sample,7,15,filtered,es w1 rep 7,TDN,209,mg N / L,,AQUA data_2022-010_Marcarelli_2022-06-17_TOC+TN.xlsx
2022,6/9/22,lab,Enrichment experiment,NA,ES,sample,6,15,filtered,es w1 rep 6,TDN,208.6,mg N / L,,AQUA data_2022-010_Marcarelli_2022-06-17_TOC+TN.xlsx
2022,6/9/22,lab,Enrichment experiment,NA,ES,sample,5,15,filtered,es w1 rep 5,TDN,205.6,mg N / L,,AQUA data_2022-010_Marcarelli_2022-06-17_TOC+TN.xlsx
2022,6/9/22,lab,Enrichment experiment,NA,ES,sample,1,15,filtered,es w1 blank 1,TDN,<LOD,mg N / L,,AQUA data_2022-010_Marcarelli_2022-06-17_TOC+TN.xlsx
2022,6/9/22,lab,Enrichment experiment,NA,ES,sample,1,15,filtered,es w1 rep 1,TDN,199.8,mg N / L,,AQUA data_2022-010_Marcarelli_2022-06-17_TOC+TN.xlsx
2022,6/9/22,lab,Enrichment experiment,NA,ES,sample,2,15,filtered,es w1 rep 2,TDN,199.5,mg N / L,,AQUA data_2022-010_Marcarelli_2022-06-17_TOC+TN.xlsx
2022,6/9/22,lab,Enrichment experiment,NA,ES,sample,3,15,filtered,es w1 rep 3,TDN,213.3,mg N / L,,AQUA data_2022-010_Marcarelli_2022-06-17_TOC+TN.xlsx
2022,6/9/22,lab,Enrichment experiment,NA,ES,sample,4,15,filtered,es w1 rep 4,TDN,206.8,mg N / L,,AQUA data_2022-010_Marcarelli_2022-06-17_TOC+TN.xlsx
2022,6/9/22,lab,Enrichment experiment,NA,Chlorella,sample,1,15,filtered,chlorella w1 rep1,TP,301,mg P / L,,AQUA_data_2022-010_Marcarelli_2022-10-27_TP.xlsx
2022,6/9/22,lab,Enrichment experiment,NA,Chlorella,sample,2,15,filtered,chlorella w1 rep2,TP,301,mg P / L,,AQUA_data_2022-010_Marcarelli_2022-10-27_TP.xlsx
2022,6/9/22,lab,Enrichment experiment,NA,Chlorella,sample,3,15,filtered,chlorella w1 rep3,TP,283,mg P / L,,AQUA_data_2022-010_Marcarelli_2022-10-27_TP.xlsx
2022,6/9/22,lab,Enrichment experiment,NA,Chlorella,sample,4,15,filtered,chlorella w1 rep4,TP,283,mg P / L,,AQUA_data_2022-010_Marcarelli_2022-10-27_TP.xlsx
2022,6/9/22,lab,Enrichment experiment,NA,Chlorella,sample,6,15,filtered,chlorella w1 rep6,TP,301,mg P / L,,AQUA_data_2022-010_Marcarelli_2022-10-27_TP.xlsx
2022,6/9/22,lab,Enrichment experiment,NA,Chlorella,sample,8,15,filtered,chlorella w1 rep8,TP,301,mg P / L,,AQUA_data_2022-010_Marcarelli_2022-10-27_TP.xlsx
2022,6/9/22,lab,Enrichment experiment,NA,Chlorella,blank,,15,filtered,chlorella w1 blank,TP,<LOD,mg P / L,<LOD,AQUA_data_2022-010_Marcarelli_2022-10-27_TP.xlsx
2022,6/9/22,lab,Enrichment experiment,NA,ES,sample,9,15,filtered,ES w1 rep 9,TP,283,mg P / L,,AQUA_data_2022-010_Marcarelli_2022-10-27_TP.xlsx
2022,6/9/22,lab,Enrichment experiment,NA,ES,sample,1,15,filtered,ES w1 rep1,TP,301,mg P / L,,AQUA_data_2022-010_Marcarelli_2022-10-27_TP.xlsx
2022,6/9/22,lab,Enrichment experiment,NA,ES,sample,2,15,filtered,ES w1 rep2,TP,283,mg P / L,,AQUA_data_2022-010_Marcarelli_2022-10-27_TP.xlsx
2022,6/9/22,lab,Enrichment experiment,NA,ES,sample,3,15,filtered,ES w1 rep3,TP,319,mg P / L,,AQUA_data_2022-010_Marcarelli_2022-10-27_TP.xlsx
2022,6/9/22,lab,Enrichment experiment,NA,ES,sample,6,15,filtered,ES w1 rep6,TP,301,mg P / L,,AQUA_data_2022-010_Marcarelli_2022-10-27_TP.xlsx
2022,6/9/22,lab,Enrichment experiment,NA,ES,blank,,15,filtered,ES w1 blank1,TP,<LOD,mg P / L,<LOD,AQUA_data_2022-010_Marcarelli_2022-10-27_TP.xlsx
2022,6/9/22,lab,Enrichment experiment,NA,SRFA,blank,,15,filtered,SRFA w1 blank1,TP,<LOD,mg P / L,<LOD,AQUA_data_2022-010_Marcarelli_2022-10-27_TP.xlsx
2022,6/9/22,lab,Enrichment experiment,NA,SRFA,sample,1,15,filtered,SRFA w1 rep1,TP,319,mg P / L,,AQUA_data_2022-010_Marcarelli_2022-10-27_TP.xlsx
2022,6/9/22,lab,Enrichment experiment,NA,SRFA,sample,2,15,filtered,SRFA w1 rep2,TP,301,mg P / L,,AQUA_data_2022-010_Marcarelli_2022-10-27_TP.xlsx
2022,7/26/22,lab,Enrichment experiment_2,NA,Chlorella,medium blank,,0,filtered,Chlorella Medium Blank 12th July,DOC,22.48,mg C / L,>RANGE,AQUA_data_2022-018_Paresh Kokate_2022-08-05_TOC+TN.xlsx
2022,7/26/22,lab,Enrichment experiment_2,NA,Chlorella,filter blank,,14,filtered,Chlorella Filter Blank 26th July,DOC,0.421,mg C / L,,AQUA_data_2022-018_Paresh Kokate_2022-08-05_TOC+TN.xlsx
2022,7/26/22,lab,Enrichment experiment_2,NA,Chlorella,sample,,0,filtered,Chlorella_T0 12th July,DOC,17.38,mg C / L,,AQUA_data_2022-018_Paresh Kokate_2022-08-05_TOC+TN.xlsx
2022,7/26/22,lab,Enrichment experiment_2,NA,Chlorella,sample,1,14,filtered,Chlorella Rep 1 12th July,DOC,4.54,mg C / L,,AQUA_data_2022-018_Paresh Kokate_2022-08-05_TOC+TN.xlsx
2022,7/26/22,lab,Enrichment experiment_2,NA,Chlorella,sample,2,14,filtered,Chlorella Rep 2 12th July,DOC,4.88,mg C / L,,AQUA_data_2022-018_Paresh Kokate_2022-08-05_TOC+TN.xlsx
2022,7/26/22,lab,Enrichment experiment_2,NA,Chlorella,sample,3,14,filtered,Chlorella Rep 3 12th July,DOC,4.88,mg C / L,,AQUA_data_2022-018_Paresh Kokate_2022-08-05_TOC+TN.xlsx
2022,7/26/22,lab,Enrichment experiment_2,NA,Chlorella,sample,4,14,filtered,Chlorella Rep 4 12th July,DOC,5.61,mg C / L,,AQUA_data_2022-018_Paresh Kokate_2022-08-05_TOC+TN.xlsx
2022,7/26/22,lab,Enrichment experiment_2,NA,Chlorella,sample,5,14,filtered,Chlorella Rep 5 12th July,DOC,5.22,mg C / L,,AQUA_data_2022-018_Paresh Kokate_2022-08-05_TOC+TN.xlsx
2022,7/26/22,lab,Enrichment experiment_2,NA,Chlorella,sample,6,14,filtered,Chlorella Rep 6 12th July,DOC,5.32,mg C / L,,AQUA_data_2022-018_Paresh Kokate_2022-08-05_TOC+TN.xlsx
2022,7/26/22,lab,Enrichment experiment_2,NA,Chlorella,sample,7,14,filtered,Chlorella Rep 7 12th July,DOC,5.16,mg C / L,,AQUA_data_2022-018_Paresh Kokate_2022-08-05_TOC+TN.xlsx
2022,7/26/22,lab,Enrichment experiment_2,NA,Chlorella,sample,8,14,filtered,Chlorella Rep 8 12th July,DOC,5.93,mg C / L,,AQUA_data_2022-018_Paresh Kokate_2022-08-05_TOC+TN.xlsx
2022,7/26/22,lab,Enrichment experiment_2,NA,Chlorella,sample,9,14,filtered,Chlorella Rep 9 12th July,DOC,5.4,mg C / L,,AQUA_data_2022-018_Paresh Kokate_2022-08-05_TOC+TN.xlsx
2022,7/26/22,lab,Enrichment experiment_2,NA,Chlorella,sample,10,14,filtered,Chlorella Rep 10 12th July,DOC,5.5,mg C / L,,AQUA_data_2022-018_Paresh Kokate_2022-08-05_TOC+TN.xlsx
2022,7/26/22,lab,Enrichment experiment_2,NA,Chlorella,sample,,14,filtered,Chlorella Medium Blank 26th July,DOC,10.17,mg C / L,,AQUA_data_2022-018_Paresh Kokate_2022-08-05_TOC+TN.xlsx
2022,7/26/22,lab,Enrichment experiment_2,NA,ES,sample,,0,filtered,ES Medium Blank 12th July,DOC,16.11,mg C / L,,AQUA_data_2022-018_Paresh Kokate_2022-08-05_TOC+TN.xlsx
2022,7/26/22,lab,Enrichment experiment_2,NA,ES,sample,,14,filtered,ES Filter Blank 26th July,DOC,<LOD,mg C / L,<LOD,AQUA_data_2022-018_Paresh Kokate_2022-08-05_TOC+TN.xlsx
2022,7/26/22,lab,Enrichment experiment_2,NA,ES,sample,,0,filtered,ES_T0 12th July,DOC,21.47,mg C / L,>RANGE,AQUA_data_2022-018_Paresh Kokate_2022-08-05_TOC+TN.xlsx
2022,7/26/22,lab,Enrichment experiment_2,NA,ES,sample,1,14,filtered,ES Rep 1 12th July,DOC,12.16,mg C / L,,AQUA_data_2022-018_Paresh Kokate_2022-08-05_TOC+TN.xlsx
2022,7/26/22,lab,Enrichment experiment_2,NA,ES,sample,2,14,filtered,ES Rep 2 12th July,DOC,10.55,mg C / L,,AQUA_data_2022-018_Paresh Kokate_2022-08-05_TOC+TN.xlsx
2022,7/26/22,lab,Enrichment experiment_2,NA,ES,sample,3,14,filtered,ES Rep 3 12th July,DOC,11.48,mg C / L,,AQUA_data_2022-018_Paresh Kokate_2022-08-05_TOC+TN.xlsx
2022,7/26/22,lab,Enrichment experiment_2,NA,ES,sample,4,14,filtered,ES Rep 4 12th July,DOC,11.36,mg C / L,,AQUA_data_2022-018_Paresh Kokate_2022-08-05_TOC+TN.xlsx
2022,7/26/22,lab,Enrichment experiment_2,NA,ES,sample,5,14,filtered,ES Rep 5 12th July,DOC,13.24,mg C / L,,AQUA_data_2022-018_Paresh Kokate_2022-08-05_TOC+TN.xlsx
2022,7/26/22,lab,Enrichment experiment_2,NA,ES,sample,6,14,filtered,ES Rep 6 12th July,DOC,13.29,mg C / L,,AQUA_data_2022-018_Paresh Kokate_2022-08-05_TOC+TN.xlsx
2022,7/26/22,lab,Enrichment experiment_2,NA,ES,sample,7,14,filtered,ES Rep 7 12th July,DOC,11.49,mg C / L,,AQUA_data_2022-018_Paresh Kokate_2022-08-05_TOC+TN.xlsx
2022,7/26/22,lab,Enrichment experiment_2,NA,ES,sample,8,14,filtered,ES Rep 8 12th July,DOC,13.14,mg C / L,,AQUA_data_2022-018_Paresh Kokate_2022-08-05_TOC+TN.xlsx
2022,7/26/22,lab,Enrichment experiment_2,NA,ES,sample,9,14,filtered,ES Rep 9 12th July,DOC,11.36,mg C / L,,AQUA_data_2022-018_Paresh Kokate_2022-08-05_TOC+TN.xlsx
2022,7/26/22,lab,Enrichment experiment_2,NA,ES,sample,10,14,filtered,ES Rep 10 12th July,DOC,11.77,mg C / L,,AQUA_data_2022-018_Paresh Kokate_2022-08-05_TOC+TN.xlsx
2022,7/26/22,lab,Enrichment experiment_2,NA,ES,medium blank,,14,filtered,ES Medium Blank 26th July,DOC,14.97,mg C / L,,AQUA_data_2022-018_Paresh Kokate_2022-08-05_TOC+TN.xlsx
2022,7/26/22,lab,Enrichment experiment_2,NA,SRFA,medium blank,,0,filtered,SRFA Medium Blank 12th July,DOC,10.74,mg C / L,,AQUA_data_2022-018_Paresh Kokate_2022-08-05_TOC+TN.xlsx
2022,7/26/22,lab,Enrichment experiment_2,NA,SRFA,T0,,0,filtered,SRFA_T0 12th July,DOC,9.46,mg C / L,,AQUA_data_2022-018_Paresh Kokate_2022-08-05_TOC+TN.xlsx
2022,7/26/22,lab,Enrichment experiment_2,NA,SRFA,filter blank,,14,filtered,SRFA Filter Blank 26th July,DOC,0.5057,mg C / L,,AQUA_data_2022-018_Paresh Kokate_2022-08-05_TOC+TN.xlsx
2022,7/26/22,lab,Enrichment experiment_2,NA,SRFA,sample,1,14,filtered,SRFA Rep 1 12th July,DOC,11.45,mg C / L,,AQUA_data_2022-018_Paresh Kokate_2022-08-05_TOC+TN.xlsx
2022,7/26/22,lab,Enrichment experiment_2,NA,SRFA,sample,2,14,filtered,SRFA Rep 2 12th July,DOC,12.35,mg C / L,,AQUA_data_2022-018_Paresh Kokate_2022-08-05_TOC+TN.xlsx
2022,7/26/22,lab,Enrichment experiment_2,NA,SRFA,sample,3,14,filtered,SRFA Rep 3 12th July,DOC,12.24,mg C / L,,AQUA_data_2022-018_Paresh Kokate_2022-08-05_TOC+TN.xlsx
2022,7/26/22,lab,Enrichment experiment_2,NA,SRFA,sample,4,14,filtered,SRFA Rep 4 12th July,DOC,12.83,mg C / L,,AQUA_data_2022-018_Paresh Kokate_2022-08-05_TOC+TN.xlsx
2022,7/26/22,lab,Enrichment experiment_2,NA,SRFA,sample,5,14,filtered,SRFA Rep 5 12th July,DOC,12.84,mg C / L,,AQUA_data_2022-018_Paresh Kokate_2022-08-05_TOC+TN.xlsx
2022,7/26/22,lab,Enrichment experiment_2,NA,SRFA,sample,6,14,filtered,SRFA Rep 6 12th July,DOC,12.14,mg C / L,,AQUA_data_2022-018_Paresh Kokate_2022-08-05_TOC+TN.xlsx
2022,7/26/22,lab,Enrichment experiment_2,NA,SRFA,sample,7,14,filtered,SRFA Rep 7 12th July,DOC,12.97,mg C / L,,AQUA_data_2022-018_Paresh Kokate_2022-08-05_TOC+TN.xlsx
2022,7/26/22,lab,Enrichment experiment_2,NA,SRFA,sample,8,14,filtered,SRFA Rep 8 12th July,DOC,12.36,mg C / L,,AQUA_data_2022-018_Paresh Kokate_2022-08-05_TOC+TN.xlsx
2022,7/26/22,lab,Enrichment experiment_2,NA,SRFA,sample,9,14,filtered,SRFA Rep 9 12th July,DOC,12.23,mg C / L,,AQUA_data_2022-018_Paresh Kokate_2022-08-05_TOC+TN.xlsx
2022,7/26/22,lab,Enrichment experiment_2,NA,SRFA,sample,10,14,filtered,SRFA Rep 10 12th July,DOC,12.19,mg C / L,,AQUA_data_2022-018_Paresh Kokate_2022-08-05_TOC+TN.xlsx
2022,7/26/22,lab,Enrichment experiment_2,NA,SRFA,medium blank,,14,filtered,SRFA Medium Blank 26th July,DOC,10.21,mg C / L,,AQUA_data_2022-018_Paresh Kokate_2022-08-05_TOC+TN.xlsx
2022,7/26/22,lab,Enrichment experiment_2,NA,Chlorella,medium blank,,0,filtered,Chlorella Medium Blank 12th July,TDN,587.2,mg N / L,TAIL; SATURATED,AQUA_data_2022-018_Paresh Kokate_2022-08-05_TOC+TN.xlsx
2022,7/26/22,lab,Enrichment experiment_2,NA,Chlorella,filter blank,,14,filtered,Chlorella Filter Blank 26th July,TDN,<LOD,mg N / L,<LOD,AQUA_data_2022-018_Paresh Kokate_2022-08-05_TOC+TN.xlsx
2022,7/26/22,lab,Enrichment experiment_2,NA,Chlorella,T0,,0,filtered,Chlorella_T0 12th July,TDN,508.7,mg N / L,TAIL; SATURATED,AQUA_data_2022-018_Paresh Kokate_2022-08-05_TOC+TN.xlsx
2022,7/26/22,lab,Enrichment experiment_2,NA,Chlorella,sample,1,14,filtered,Chlorella Rep 1 12th July,TDN,555.3,mg N / L,TAIL; SATURATED,AQUA_data_2022-018_Paresh Kokate_2022-08-05_TOC+TN.xlsx
2022,7/26/22,lab,Enrichment experiment_2,NA,Chlorella,sample,2,14,filtered,Chlorella Rep 2 12th July,TDN,529.4,mg N / L,TAIL; SATURATED,AQUA_data_2022-018_Paresh Kokate_2022-08-05_TOC+TN.xlsx
2022,7/26/22,lab,Enrichment experiment_2,NA,Chlorella,sample,3,14,filtered,Chlorella Rep 3 12th July,TDN,551.9,mg N / L,TAIL; SATURATED,AQUA_data_2022-018_Paresh Kokate_2022-08-05_TOC+TN.xlsx
2022,7/26/22,lab,Enrichment experiment_2,NA,Chlorella,sample,4,14,filtered,Chlorella Rep 4 12th July,TDN,548.7,mg N / L,TAIL; SATURATED,AQUA_data_2022-018_Paresh Kokate_2022-08-05_TOC+TN.xlsx
2022,7/26/22,lab,Enrichment experiment_2,NA,Chlorella,sample,5,14,filtered,Chlorella Rep 5 12th July,TDN,556.8,mg N / L,TAIL; SATURATED,AQUA_data_2022-018_Paresh Kokate_2022-08-05_TOC+TN.xlsx
2022,7/26/22,lab,Enrichment experiment_2,NA,Chlorella,sample,6,14,filtered,Chlorella Rep 6 12th July,TDN,562.1,mg N / L,TAIL; SATURATED,AQUA_data_2022-018_Paresh Kokate_2022-08-05_TOC+TN.xlsx
2022,7/26/22,lab,Enrichment experiment_2,NA,Chlorella,sample,7,14,filtered,Chlorella Rep 7 12th July,TDN,561.2,mg N / L,TAIL; SATURATED,AQUA_data_2022-018_Paresh Kokate_2022-08-05_TOC+TN.xlsx
2022,7/26/22,lab,Enrichment experiment_2,NA,Chlorella,sample,8,14,filtered,Chlorella Rep 8 12th July,TDN,542.1,mg N / L,TAIL; SATURATED,AQUA_data_2022-018_Paresh Kokate_2022-08-05_TOC+TN.xlsx
2022,7/26/22,lab,Enrichment experiment_2,NA,Chlorella,sample,9,14,filtered,Chlorella Rep 9 12th July,TDN,546,mg N / L,TAIL; SATURATED,AQUA_data_2022-018_Paresh Kokate_2022-08-05_TOC+TN.xlsx
2022,7/26/22,lab,Enrichment experiment_2,NA,Chlorella,sample,10,14,filtered,Chlorella Rep 10 12th July,TDN,554.6,mg N / L,TAIL; SATURATED,AQUA_data_2022-018_Paresh Kokate_2022-08-05_TOC+TN.xlsx
2022,7/26/22,lab,Enrichment experiment_2,NA,Chlorella,medium blank,,14,filtered,Chlorella Medium Blank 26th July,TDN,331.7,mg N / L,,AQUA_data_2022-018_Paresh Kokate_2022-08-05_TOC+TN.xlsx
2022,7/26/22,lab,Enrichment experiment_2,NA,ES,medium blank,,0,filtered,ES Medium Blank 12th July,TDN,506.3,mg N / L,TAIL; SATURATED,AQUA_data_2022-018_Paresh Kokate_2022-08-05_TOC+TN.xlsx
2022,7/26/22,lab,Enrichment experiment_2,NA,ES,filter blank,,14,filtered,ES Filter Blank 26th July,TDN,<LOD,mg N / L,<LOD,AQUA_data_2022-018_Paresh Kokate_2022-08-05_TOC+TN.xlsx
2022,7/26/22,lab,Enrichment experiment_2,NA,ES,T0,,0,filtered,ES_T0 12th July,TDN,532.2,mg N / L,TAIL; SATURATED,AQUA_data_2022-018_Paresh Kokate_2022-08-05_TOC+TN.xlsx
2022,7/26/22,lab,Enrichment experiment_2,NA,ES,sample,1,14,filtered,ES Rep 1 12th July,TDN,552.2,mg N / L,TAIL; SATURATED,AQUA_data_2022-018_Paresh Kokate_2022-08-05_TOC+TN.xlsx
2022,7/26/22,lab,Enrichment experiment_2,NA,ES,sample,2,14,filtered,ES Rep 2 12th July,TDN,516.5,mg N / L,TAIL; SATURATED,AQUA_data_2022-018_Paresh Kokate_2022-08-05_TOC+TN.xlsx
2022,7/26/22,lab,Enrichment experiment_2,NA,ES,sample,3,14,filtered,ES Rep 3 12th July,TDN,545.1,mg N / L,TAIL; SATURATED,AQUA_data_2022-018_Paresh Kokate_2022-08-05_TOC+TN.xlsx
2022,7/26/22,lab,Enrichment experiment_2,NA,ES,sample,4,14,filtered,ES Rep 4 12th July,TDN,542.6,mg N / L,TAIL; SATURATED,AQUA_data_2022-018_Paresh Kokate_2022-08-05_TOC+TN.xlsx
2022,7/26/22,lab,Enrichment experiment_2,NA,ES,sample,5,14,filtered,ES Rep 5 12th July,TDN,556.6,mg N / L,TAIL; SATURATED,AQUA_data_2022-018_Paresh Kokate_2022-08-05_TOC+TN.xlsx
2022,7/26/22,lab,Enrichment experiment_2,NA,ES,sample,6,14,filtered,ES Rep 6 12th July,TDN,563.1,mg N / L,TAIL; SATURATED,AQUA_data_2022-018_Paresh Kokate_2022-08-05_TOC+TN.xlsx
2022,7/26/22,lab,Enrichment experiment_2,NA,ES,sample,7,14,filtered,ES Rep 7 12th July,TDN,543.9,mg N / L,TAIL; SATURATED,AQUA_data_2022-018_Paresh Kokate_2022-08-05_TOC+TN.xlsx
2022,7/26/22,lab,Enrichment experiment_2,NA,ES,sample,8,14,filtered,ES Rep 8 12th July,TDN,548.1,mg N / L,TAIL; SATURATED,AQUA_data_2022-018_Paresh Kokate_2022-08-05_TOC+TN.xlsx
2022,7/26/22,lab,Enrichment experiment_2,NA,ES,sample,9,14,filtered,ES Rep 9 12th July,TDN,535.2,mg N / L,TAIL; SATURATED,AQUA_data_2022-018_Paresh Kokate_2022-08-05_TOC+TN.xlsx
2022,7/26/22,lab,Enrichment experiment_2,NA,ES,sample,10,14,filtered,ES Rep 10 12th July,TDN,552.2,mg N / L,TAIL; SATURATED,AQUA_data_2022-018_Paresh Kokate_2022-08-05_TOC+TN.xlsx
2022,7/26/22,lab,Enrichment experiment_2,NA,ES,medium blank,,14,filtered,ES Medium Blank 26th July,TDN,328.6,mg N / L,,AQUA_data_2022-018_Paresh Kokate_2022-08-05_TOC+TN.xlsx
2022,7/26/22,lab,Enrichment experiment_2,NA,SRFA,medium blank,,0,filtered,SRFA Medium Blank 12th July,TDN,555.3,mg N / L,TAIL; SATURATED,AQUA_data_2022-018_Paresh Kokate_2022-08-05_TOC+TN.xlsx
2022,7/26/22,lab,Enrichment experiment_2,NA,SRFA,T0,,0,filtered,SRFA_T0 12th July,TDN,463.6,mg N / L,TAIL,AQUA_data_2022-018_Paresh Kokate_2022-08-05_TOC+TN.xlsx
2022,7/26/22,lab,Enrichment experiment_2,NA,SRFA,filter blank,,14,filtered,SRFA Filter Blank 26th July,TDN,<LOD,mg N / L,<LOD,AQUA_data_2022-018_Paresh Kokate_2022-08-05_TOC+TN.xlsx
2022,7/26/22,lab,Enrichment experiment_2,NA,SRFA,sample,1,14,filtered,SRFA Rep 1 12th July,TDN,545.1,mg N / L,TAIL; SATURATED,AQUA_data_2022-018_Paresh Kokate_2022-08-05_TOC+TN.xlsx
2022,7/26/22,lab,Enrichment experiment_2,NA,SRFA,sample,2,14,filtered,SRFA Rep 2 12th July,TDN,585.3,mg N / L,TAIL; SATURATED,AQUA_data_2022-018_Paresh Kokate_2022-08-05_TOC+TN.xlsx
2022,7/26/22,lab,Enrichment experiment_2,NA,SRFA,sample,3,14,filtered,SRFA Rep 3 12th July,TDN,568.6,mg N / L,TAIL; SATURATED,AQUA_data_2022-018_Paresh Kokate_2022-08-05_TOC+TN.xlsx
2022,7/26/22,lab,Enrichment experiment_2,NA,SRFA,sample,4,14,filtered,SRFA Rep 4 12th July,TDN,573.2,mg N / L,TAIL; SATURATED,AQUA_data_2022-018_Paresh Kokate_2022-08-05_TOC+TN.xlsx
2022,7/26/22,lab,Enrichment experiment_2,NA,SRFA,sample,5,14,filtered,SRFA Rep 5 12th July,TDN,579.3,mg N / L,TAIL; SATURATED,AQUA_data_2022-018_Paresh Kokate_2022-08-05_TOC+TN.xlsx
2022,7/26/22,lab,Enrichment experiment_2,NA,SRFA,sample,6,14,filtered,SRFA Rep 6 12th July,TDN,578,mg N / L,TAIL; SATURATED,AQUA_data_2022-018_Paresh Kokate_2022-08-05_TOC+TN.xlsx
2022,7/26/22,lab,Enrichment experiment_2,NA,SRFA,sample,7,14,filtered,SRFA Rep 7 12th July,TDN,588.9,mg N / L,TAIL; SATURATED,AQUA_data_2022-018_Paresh Kokate_2022-08-05_TOC+TN.xlsx
2022,7/26/22,lab,Enrichment experiment_2,NA,SRFA,sample,8,14,filtered,SRFA Rep 8 12th July,TDN,564.2,mg N / L,TAIL; SATURATED,AQUA_data_2022-018_Paresh Kokate_2022-08-05_TOC+TN.xlsx
2022,7/26/22,lab,Enrichment experiment_2,NA,SRFA,sample,9,14,filtered,SRFA Rep 9 12th July,TDN,560.3,mg N / L,TAIL; SATURATED,AQUA_data_2022-018_Paresh Kokate_2022-08-05_TOC+TN.xlsx
2022,7/26/22,lab,Enrichment experiment_2,NA,SRFA,sample,10,14,filtered,SRFA Rep 10 12th July,TDN,552.7,mg N / L,TAIL; SATURATED,AQUA_data_2022-018_Paresh Kokate_2022-08-05_TOC+TN.xlsx
2022,7/26/22,lab,Enrichment experiment_2,NA,SRFA,medium blank,,14,filtered,SRFA Medium Blank 26th July,TDN,334,mg N / L,TAIL,AQUA_data_2022-018_Paresh Kokate_2022-08-05_TOC+TN.xlsx
2022,8/9/22,lab,Enrichment experiment_2,NA,Chlorella,medium blank,,28,filtered,Chlorella Medium Blank 9th Aug,DOC,20.602,mg C / L,,AQUA data_2022-023_Paresh Kokate_2022-08-18_TOC+TN.xlsx
2022,8/9/22,lab,Enrichment experiment_2,NA,Chlorella,filter blank,,28,filtered,Chlorella Filter Blank 9th Aug,DOC,0.3255,mg C / L,,AQUA data_2022-023_Paresh Kokate_2022-08-18_TOC+TN.xlsx
2022,8/9/22,lab,Enrichment experiment_2,NA,Chlorella,sample,1,28,filtered,Chlorella Rep 1 26th July,DOC,3.118,mg C / L,,AQUA data_2022-023_Paresh Kokate_2022-08-18_TOC+TN.xlsx
2022,8/9/22,lab,Enrichment experiment_2,NA,Chlorella,sample,2,28,filtered,Chlorella Rep 2 26th July,DOC,2.453,mg C / L,,AQUA data_2022-023_Paresh Kokate_2022-08-18_TOC+TN.xlsx
2022,8/9/22,lab,Enrichment experiment_2,NA,Chlorella,sample,3,28,filtered,Chlorella Rep 3 26th July,DOC,2.74,mg C / L,,AQUA data_2022-023_Paresh Kokate_2022-08-18_TOC+TN.xlsx
2022,8/9/22,lab,Enrichment experiment_2,NA,Chlorella,sample,4,28,filtered,Chlorella Rep 4 26th July,DOC,2.386,mg C / L,,AQUA data_2022-023_Paresh Kokate_2022-08-18_TOC+TN.xlsx
2022,8/9/22,lab,Enrichment experiment_2,NA,Chlorella,sample,5,28,filtered,Chlorella Rep 5 26th July,DOC,3.127,mg C / L,,AQUA data_2022-023_Paresh Kokate_2022-08-18_TOC+TN.xlsx
2022,8/9/22,lab,Enrichment experiment_2,NA,Chlorella,sample,6,28,filtered,Chlorella Rep 6 26th July,DOC,2.849,mg C / L,,AQUA data_2022-023_Paresh Kokate_2022-08-18_TOC+TN.xlsx
2022,8/9/22,lab,Enrichment experiment_2,NA,Chlorella,sample,7,28,filtered,Chlorella Rep 7 26th July,DOC,2.701,mg C / L,,AQUA data_2022-023_Paresh Kokate_2022-08-18_TOC+TN.xlsx
2022,8/9/22,lab,Enrichment experiment_2,NA,Chlorella,sample,8,28,filtered,Chlorella Rep 8 26th July,DOC,2.478,mg C / L,,AQUA data_2022-023_Paresh Kokate_2022-08-18_TOC+TN.xlsx
2022,8/9/22,lab,Enrichment experiment_2,NA,Chlorella,sample,9,28,filtered,Chlorella Rep 9 26th July,DOC,2.724,mg C / L,,AQUA data_2022-023_Paresh Kokate_2022-08-18_TOC+TN.xlsx
2022,8/9/22,lab,Enrichment experiment_2,NA,Chlorella,sample,10,28,filtered,Chlorella Rep 10 26th July,DOC,2.475,mg C / L,,AQUA data_2022-023_Paresh Kokate_2022-08-18_TOC+TN.xlsx
2022,8/9/22,lab,Enrichment experiment_2,NA,ES,medium blank,,28,filtered,ES Medium Blank 9th Aug,DOC,19.54,mg C / L,,AQUA data_2022-023_Paresh Kokate_2022-08-18_TOC+TN.xlsx
2022,8/9/22,lab,Enrichment experiment_2,NA,ES,filter blank,,28,filtered,ES Filter Blank 9th Aug,DOC,0.6106,mg C / L,,AQUA data_2022-023_Paresh Kokate_2022-08-18_TOC+TN.xlsx
2022,8/9/22,lab,Enrichment experiment_2,NA,ES,sample,1,28,filtered,ES Rep 1 26th July,DOC,6.983,mg C / L,,AQUA data_2022-023_Paresh Kokate_2022-08-18_TOC+TN.xlsx
2022,8/9/22,lab,Enrichment experiment_2,NA,ES,sample,2,28,filtered,ES Rep 2 26th July,DOC,7.347,mg C / L,,AQUA data_2022-023_Paresh Kokate_2022-08-18_TOC+TN.xlsx
2022,8/9/22,lab,Enrichment experiment_2,NA,ES,sample,3,28,filtered,ES Rep 3 26th July,DOC,7.021,mg C / L,,AQUA data_2022-023_Paresh Kokate_2022-08-18_TOC+TN.xlsx
2022,8/9/22,lab,Enrichment experiment_2,NA,ES,sample,4,28,filtered,ES Rep 4 26th July,DOC,7.594,mg C / L,,AQUA data_2022-023_Paresh Kokate_2022-08-18_TOC+TN.xlsx
2022,8/9/22,lab,Enrichment experiment_2,NA,ES,sample,5,28,filtered,ES Rep 5 26th July,DOC,8.284,mg C / L,,AQUA data_2022-023_Paresh Kokate_2022-08-18_TOC+TN.xlsx
2022,8/9/22,lab,Enrichment experiment_2,NA,ES,sample,6,28,filtered,ES Rep 6 26th July,DOC,8.36,mg C / L,,AQUA data_2022-023_Paresh Kokate_2022-08-18_TOC+TN.xlsx
2022,8/9/22,lab,Enrichment experiment_2,NA,ES,sample,7,28,filtered,ES Rep 7 26th July,DOC,7.977,mg C / L,,AQUA data_2022-023_Paresh Kokate_2022-08-18_TOC+TN.xlsx
2022,8/9/22,lab,Enrichment experiment_2,NA,ES,sample,8,28,filtered,ES Rep 8 26th July,DOC,8.221,mg C / L,,AQUA data_2022-023_Paresh Kokate_2022-08-18_TOC+TN.xlsx
2022,8/9/22,lab,Enrichment experiment_2,NA,ES,sample,9,28,filtered,ES Rep 9 26th July,DOC,8.487,mg C / L,,AQUA data_2022-023_Paresh Kokate_2022-08-18_TOC+TN.xlsx
2022,8/9/22,lab,Enrichment experiment_2,NA,ES,sample,10,28,filtered,ES Rep 10 26th July,DOC,7.616,mg C / L,,AQUA data_2022-023_Paresh Kokate_2022-08-18_TOC+TN.xlsx
2022,8/9/22,lab,Enrichment experiment_2,NA,SRFA,medium blank,,28,filtered,SRFA Medium Blank 9th Aug,DOC,10.06,mg C / L,,AQUA data_2022-023_Paresh Kokate_2022-08-18_TOC+TN.xlsx
2022,8/9/22,lab,Enrichment experiment_2,NA,SRFA,filter blank,,28,filtered,SRFA Filter Blank 9th Aug,DOC,0.3379,mg C / L,,AQUA data_2022-023_Paresh Kokate_2022-08-18_TOC+TN.xlsx
2022,8/9/22,lab,Enrichment experiment_2,NA,SRFA,sample,1,28,filtered,SRFA Rep 1 26th July,DOC,8.674,mg C / L,,AQUA data_2022-023_Paresh Kokate_2022-08-18_TOC+TN.xlsx
2022,8/9/22,lab,Enrichment experiment_2,NA,SRFA,sample,2,28,filtered,SRFA Rep 2 26th July,DOC,8.598,mg C / L,,AQUA data_2022-023_Paresh Kokate_2022-08-18_TOC+TN.xlsx
2022,8/9/22,lab,Enrichment experiment_2,NA,SRFA,sample,3,28,filtered,SRFA Rep 3 26th July,DOC,8.509,mg C / L,,AQUA data_2022-023_Paresh Kokate_2022-08-18_TOC+TN.xlsx
2022,8/9/22,lab,Enrichment experiment_2,NA,SRFA,sample,4,28,filtered,SRFA Rep 4 26th July,DOC,8.835,mg C / L,,AQUA data_2022-023_Paresh Kokate_2022-08-18_TOC+TN.xlsx
2022,8/9/22,lab,Enrichment experiment_2,NA,SRFA,sample,5,28,filtered,SRFA Rep 5 26th July,DOC,8.341,mg C / L,,AQUA data_2022-023_Paresh Kokate_2022-08-18_TOC+TN.xlsx
2022,8/9/22,lab,Enrichment experiment_2,NA,SRFA,sample,6,28,filtered,SRFA Rep 6 26th July,DOC,8.319,mg C / L,,AQUA data_2022-023_Paresh Kokate_2022-08-18_TOC+TN.xlsx
2022,8/9/22,lab,Enrichment experiment_2,NA,SRFA,sample,7,28,filtered,SRFA Rep 7 26th July,DOC,9.019,mg C / L,,AQUA data_2022-023_Paresh Kokate_2022-08-18_TOC+TN.xlsx
2022,8/9/22,lab,Enrichment experiment_2,NA,SRFA,sample,8,28,filtered,SRFA Rep 8 26th July,DOC,8.696,mg C / L,,AQUA data_2022-023_Paresh Kokate_2022-08-18_TOC+TN.xlsx
2022,8/9/22,lab,Enrichment experiment_2,NA,SRFA,sample,9,28,filtered,SRFA Rep 9 26th July,DOC,9.133,mg C / L,,AQUA data_2022-023_Paresh Kokate_2022-08-18_TOC+TN.xlsx
2022,8/9/22,lab,Enrichment experiment_2,NA,SRFA,sample,10,28,filtered,SRFA Rep 10 26th July,DOC,9.339,mg C / L,,AQUA data_2022-023_Paresh Kokate_2022-08-18_TOC+TN.xlsx
2022,8/9/22,lab,Enrichment experiment_2,NA,Chlorella,medium blank,,28,filtered,Chlorella Medium Blank 9th Aug,TDN,300,mg N / L,,AQUA data_2022-023_Paresh Kokate_2022-08-18_TOC+TN.xlsx
2022,8/9/22,lab,Enrichment experiment_2,NA,Chlorella,filter blank,,28,filtered,Chlorella Filter Blank 9th Aug,TDN,0.5084,mg N / L,,AQUA data_2022-023_Paresh Kokate_2022-08-18_TOC+TN.xlsx
2022,8/9/22,lab,Enrichment experiment_2,NA,Chlorella,sample,1,28,filtered,Chlorella Rep 1 26th July,TDN,308.1,mg N / L,,AQUA data_2022-023_Paresh Kokate_2022-08-18_TOC+TN.xlsx
2022,8/9/22,lab,Enrichment experiment_2,NA,Chlorella,sample,2,28,filtered,Chlorella Rep 2 26th July,TDN,309.4,mg N / L,,AQUA data_2022-023_Paresh Kokate_2022-08-18_TOC+TN.xlsx
2022,8/9/22,lab,Enrichment experiment_2,NA,Chlorella,sample,3,28,filtered,Chlorella Rep 3 26th July,TDN,319.6,mg N / L,,AQUA data_2022-023_Paresh Kokate_2022-08-18_TOC+TN.xlsx
2022,8/9/22,lab,Enrichment experiment_2,NA,Chlorella,sample,4,28,filtered,Chlorella Rep 4 26th July,TDN,315.2,mg N / L,,AQUA data_2022-023_Paresh Kokate_2022-08-18_TOC+TN.xlsx
2022,8/9/22,lab,Enrichment experiment_2,NA,Chlorella,sample,5,28,filtered,Chlorella Rep 5 26th July,TDN,322,mg N / L,,AQUA data_2022-023_Paresh Kokate_2022-08-18_TOC+TN.xlsx
2022,8/9/22,lab,Enrichment experiment_2,NA,Chlorella,sample,6,28,filtered,Chlorella Rep 6 26th July,TDN,314.4,mg N / L,,AQUA data_2022-023_Paresh Kokate_2022-08-18_TOC+TN.xlsx
2022,8/9/22,lab,Enrichment experiment_2,NA,Chlorella,sample,7,28,filtered,Chlorella Rep 7 26th July,TDN,323.6,mg N / L,,AQUA data_2022-023_Paresh Kokate_2022-08-18_TOC+TN.xlsx
2022,8/9/22,lab,Enrichment experiment_2,NA,Chlorella,sample,8,28,filtered,Chlorella Rep 8 26th July,TDN,310.7,mg N / L,,AQUA data_2022-023_Paresh Kokate_2022-08-18_TOC+TN.xlsx
2022,8/9/22,lab,Enrichment experiment_2,NA,Chlorella,sample,9,28,filtered,Chlorella Rep 9 26th July,TDN,316.7,mg N / L,,AQUA data_2022-023_Paresh Kokate_2022-08-18_TOC+TN.xlsx
2022,8/9/22,lab,Enrichment experiment_2,NA,Chlorella,sample,10,28,filtered,Chlorella Rep 10 26th July,TDN,311.1,mg N / L,,AQUA data_2022-023_Paresh Kokate_2022-08-18_TOC+TN.xlsx
2022,8/9/22,lab,Enrichment experiment_2,NA,ES,medium blank,,28,filtered,ES Medium Blank 9th Aug,TDN,0.3739,mg N / L,,AQUA data_2022-023_Paresh Kokate_2022-08-18_TOC+TN.xlsx
2022,8/9/22,lab,Enrichment experiment_2,NA,ES,filter blank,,28,filtered,ES Filter Blank 9th Aug,TDN,296.8,mg N / L,,AQUA data_2022-023_Paresh Kokate_2022-08-18_TOC+TN.xlsx
2022,8/9/22,lab,Enrichment experiment_2,NA,ES,sample,1,28,filtered,ES Rep 1 26th July,TDN,307.5,mg N / L,,AQUA data_2022-023_Paresh Kokate_2022-08-18_TOC+TN.xlsx
2022,8/9/22,lab,Enrichment experiment_2,NA,ES,sample,2,28,filtered,ES Rep 2 26th July,TDN,303.4,mg N / L,,AQUA data_2022-023_Paresh Kokate_2022-08-18_TOC+TN.xlsx
2022,8/9/22,lab,Enrichment experiment_2,NA,ES,sample,3,28,filtered,ES Rep 3 26th July,TDN,297.3,mg N / L,,AQUA data_2022-023_Paresh Kokate_2022-08-18_TOC+TN.xlsx
2022,8/9/22,lab,Enrichment experiment_2,NA,ES,sample,4,28,filtered,ES Rep 4 26th July,TDN,287.3,mg N / L,,AQUA data_2022-023_Paresh Kokate_2022-08-18_TOC+TN.xlsx
2022,8/9/22,lab,Enrichment experiment_2,NA,ES,sample,5,28,filtered,ES Rep 5 26th July,TDN,299,mg N / L,,AQUA data_2022-023_Paresh Kokate_2022-08-18_TOC+TN.xlsx
2022,8/9/22,lab,Enrichment experiment_2,NA,ES,sample,6,28,filtered,ES Rep 6 26th July,TDN,308.6,mg N / L,,AQUA data_2022-023_Paresh Kokate_2022-08-18_TOC+TN.xlsx
2022,8/9/22,lab,Enrichment experiment_2,NA,ES,sample,7,28,filtered,ES Rep 7 26th July,TDN,302.2,mg N / L,,AQUA data_2022-023_Paresh Kokate_2022-08-18_TOC+TN.xlsx
2022,8/9/22,lab,Enrichment experiment_2,NA,ES,sample,8,28,filtered,ES Rep 8 26th July,TDN,305.8,mg N / L,,AQUA data_2022-023_Paresh Kokate_2022-08-18_TOC+TN.xlsx
2022,8/9/22,lab,Enrichment experiment_2,NA,ES,sample,9,28,filtered,ES Rep 9 26th July,TDN,300.5,mg N / L,,AQUA data_2022-023_Paresh Kokate_2022-08-18_TOC+TN.xlsx
2022,8/9/22,lab,Enrichment experiment_2,NA,ES,sample,10,28,filtered,ES Rep 10 26th July,TDN,302.1,mg N / L,,AQUA data_2022-023_Paresh Kokate_2022-08-18_TOC+TN.xlsx
2022,8/9/22,lab,Enrichment experiment_2,NA,SRFA,medium blank,,28,filtered,SRFA Medium Blank 9th Aug,TDN,300,mg N / L,,AQUA data_2022-023_Paresh Kokate_2022-08-18_TOC+TN.xlsx
2022,8/9/22,lab,Enrichment experiment_2,NA,SRFA,filter blank,,28,filtered,SRFA Filter Blank 9th Aug,TDN,0.3936,mg N / L,,AQUA data_2022-023_Paresh Kokate_2022-08-18_TOC+TN.xlsx
2022,8/9/22,lab,Enrichment experiment_2,NA,SRFA,sample,1,28,filtered,SRFA Rep 1 26th July,TDN,299.8,mg N / L,,AQUA data_2022-023_Paresh Kokate_2022-08-18_TOC+TN.xlsx
2022,8/9/22,lab,Enrichment experiment_2,NA,SRFA,sample,2,28,filtered,SRFA Rep 2 26th July,TDN,300.3,mg N / L,,AQUA data_2022-023_Paresh Kokate_2022-08-18_TOC+TN.xlsx
2022,8/9/22,lab,Enrichment experiment_2,NA,SRFA,sample,3,28,filtered,SRFA Rep 3 26th July,TDN,298.7,mg N / L,,AQUA data_2022-023_Paresh Kokate_2022-08-18_TOC+TN.xlsx
2022,8/9/22,lab,Enrichment experiment_2,NA,SRFA,sample,4,28,filtered,SRFA Rep 4 26th July,TDN,294.3,mg N / L,,AQUA data_2022-023_Paresh Kokate_2022-08-18_TOC+TN.xlsx
2022,8/9/22,lab,Enrichment experiment_2,NA,SRFA,sample,5,28,filtered,SRFA Rep 5 26th July,TDN,285,mg N / L,,AQUA data_2022-023_Paresh Kokate_2022-08-18_TOC+TN.xlsx
2022,8/9/22,lab,Enrichment experiment_2,NA,SRFA,sample,6,28,filtered,SRFA Rep 6 26th July,TDN,276.3,mg N / L,,AQUA data_2022-023_Paresh Kokate_2022-08-18_TOC+TN.xlsx
2022,8/9/22,lab,Enrichment experiment_2,NA,SRFA,sample,7,28,filtered,SRFA Rep 7 26th July,TDN,293.6,mg N / L,,AQUA data_2022-023_Paresh Kokate_2022-08-18_TOC+TN.xlsx
2022,8/9/22,lab,Enrichment experiment_2,NA,SRFA,sample,8,28,filtered,SRFA Rep 8 26th July,TDN,296.4,mg N / L,,AQUA data_2022-023_Paresh Kokate_2022-08-18_TOC+TN.xlsx
2022,8/9/22,lab,Enrichment experiment_2,NA,SRFA,sample,9,28,filtered,SRFA Rep 9 26th July,TDN,307.6,mg N / L,,AQUA data_2022-023_Paresh Kokate_2022-08-18_TOC+TN.xlsx
2022,8/9/22,lab,Enrichment experiment_2,NA,SRFA,sample,10,28,filtered,SRFA Rep 10 26th July,TDN,298.1,mg N / L,,AQUA data_2022-023_Paresh Kokate_2022-08-18_TOC+TN.xlsx
2022,8/23/22,lab,Enrichment experiment_2,NA,Chlorella,filter blank,,42,filtered,Chlorella Filter Blank 23rd Aug,DOC,0.7423,mg C / L,,AQUA data_2022-026_Paresh Kokate_2022-09-09_TOC+TN.xlsx
2022,8/23/22,lab,Enrichment experiment_2,NA,Chlorella,sample,1,42,filtered,Chlorella Rep 1 9th Aug,DOC,3.3,mg C / L,,AQUA data_2022-026_Paresh Kokate_2022-09-09_TOC+TN.xlsx
2022,8/23/22,lab,Enrichment experiment_2,NA,Chlorella,sample,2,42,filtered,Chlorella Rep 2 9th Aug,DOC,2.57,mg C / L,,AQUA data_2022-026_Paresh Kokate_2022-09-09_TOC+TN.xlsx
2022,8/23/22,lab,Enrichment experiment_2,NA,Chlorella,sample,3,42,filtered,Chlorella Rep 3 9th Aug,DOC,2.481,mg C / L,,AQUA data_2022-026_Paresh Kokate_2022-09-09_TOC+TN.xlsx
2022,8/23/22,lab,Enrichment experiment_2,NA,Chlorella,sample,4,42,filtered,Chlorella Rep 4 9th Aug,DOC,3.383,mg C / L,,AQUA data_2022-026_Paresh Kokate_2022-09-09_TOC+TN.xlsx
2022,8/23/22,lab,Enrichment experiment_2,NA,Chlorella,sample,5,42,filtered,Chlorella Rep 5 9th Aug,DOC,2.85,mg C / L,,AQUA data_2022-026_Paresh Kokate_2022-09-09_TOC+TN.xlsx
2022,8/23/22,lab,Enrichment experiment_2,NA,Chlorella,sample,6,42,filtered,Chlorella Rep 6 9th Aug,DOC,3.15,mg C / L,,AQUA data_2022-026_Paresh Kokate_2022-09-09_TOC+TN.xlsx
2022,8/23/22,lab,Enrichment experiment_2,NA,Chlorella,sample,7,42,filtered,Chlorella Rep 7 9th Aug,DOC,2.513,mg C / L,,AQUA data_2022-026_Paresh Kokate_2022-09-09_TOC+TN.xlsx
2022,8/23/22,lab,Enrichment experiment_2,NA,Chlorella,sample,8,42,filtered,Chlorella Rep 8 9th Aug,DOC,2.604,mg C / L,,AQUA data_2022-026_Paresh Kokate_2022-09-09_TOC+TN.xlsx
2022,8/23/22,lab,Enrichment experiment_2,NA,Chlorella,sample,9,42,filtered,Chlorella Rep 9 9th Aug,DOC,3.079,mg C / L,,AQUA data_2022-026_Paresh Kokate_2022-09-09_TOC+TN.xlsx
2022,8/23/22,lab,Enrichment experiment_2,NA,Chlorella,sample,10,42,filtered,Chlorella Rep 10 9th Aug,DOC,3.343,mg C / L,,AQUA data_2022-026_Paresh Kokate_2022-09-09_TOC+TN.xlsx
2022,8/23/22,lab,Enrichment experiment_2,NA,ES,filter blank,,42,filtered,ES Filter Blank 23rd Aug,DOC,0.2977,mg C / L,,AQUA data_2022-026_Paresh Kokate_2022-09-09_TOC+TN.xlsx
2022,8/23/22,lab,Enrichment experiment_2,NA,ES,sample,1,42,filtered,ES Rep 1 9th Aug,DOC,9.894,mg C / L,,AQUA data_2022-026_Paresh Kokate_2022-09-09_TOC+TN.xlsx
2022,8/23/22,lab,Enrichment experiment_2,NA,ES,sample,2,42,filtered,ES Rep 2 9th Aug,DOC,7.757,mg C / L,,AQUA data_2022-026_Paresh Kokate_2022-09-09_TOC+TN.xlsx
2022,8/23/22,lab,Enrichment experiment_2,NA,ES,sample,3,42,filtered,ES Rep 3 9th Aug,DOC,7.331,mg C / L,,AQUA data_2022-026_Paresh Kokate_2022-09-09_TOC+TN.xlsx
2022,8/23/22,lab,Enrichment experiment_2,NA,ES,sample,4,42,filtered,ES Rep 4 9th Aug,DOC,8.7,mg C / L,,AQUA data_2022-026_Paresh Kokate_2022-09-09_TOC+TN.xlsx
2022,8/23/22,lab,Enrichment experiment_2,NA,ES,sample,5,42,filtered,ES Rep 5 9th Aug,DOC,9.713,mg C / L,,AQUA data_2022-026_Paresh Kokate_2022-09-09_TOC+TN.xlsx
2022,8/23/22,lab,Enrichment experiment_2,NA,ES,sample,6,42,filtered,ES Rep 6 9th Aug,DOC,8.258,mg C / L,,AQUA data_2022-026_Paresh Kokate_2022-09-09_TOC+TN.xlsx
2022,8/23/22,lab,Enrichment experiment_2,NA,ES,sample,7,42,filtered,ES Rep 7 9th Aug,DOC,7.966,mg C / L,,AQUA data_2022-026_Paresh Kokate_2022-09-09_TOC+TN.xlsx
2022,8/23/22,lab,Enrichment experiment_2,NA,ES,sample,8,42,filtered,ES Rep 8 9th Aug,DOC,8.264,mg C / L,,AQUA data_2022-026_Paresh Kokate_2022-09-09_TOC+TN.xlsx
2022,8/23/22,lab,Enrichment experiment_2,NA,ES,sample,9,42,filtered,ES Rep 9 9th Aug,DOC,8.233,mg C / L,,AQUA data_2022-026_Paresh Kokate_2022-09-09_TOC+TN.xlsx
2022,8/23/22,lab,Enrichment experiment_2,NA,ES,sample,10,42,filtered,ES Rep 10 9th Aug,DOC,7.235,mg C / L,,AQUA data_2022-026_Paresh Kokate_2022-09-09_TOC+TN.xlsx
2022,8/23/22,lab,Enrichment experiment_2,NA,SRFA,filter blank,,42,filtered,SRFA Filter Blank 23rd Aug,DOC,0.4365,mg C / L,,AQUA data_2022-026_Paresh Kokate_2022-09-09_TOC+TN.xlsx
2022,8/23/22,lab,Enrichment experiment_2,NA,SRFA,sample,1,42,filtered,SRFA Rep 1 9th Aug,DOC,11.05,mg C / L,,AQUA data_2022-026_Paresh Kokate_2022-09-09_TOC+TN.xlsx
2022,8/23/22,lab,Enrichment experiment_2,NA,SRFA,sample,2,42,filtered,SRFA Rep 2 9th Aug,DOC,9.237,mg C / L,,AQUA data_2022-026_Paresh Kokate_2022-09-09_TOC+TN.xlsx
2022,8/23/22,lab,Enrichment experiment_2,NA,SRFA,sample,3,42,filtered,SRFA Rep 3 9th Aug,DOC,9.215,mg C / L,,AQUA data_2022-026_Paresh Kokate_2022-09-09_TOC+TN.xlsx
2022,8/23/22,lab,Enrichment experiment_2,NA,SRFA,sample,4,42,filtered,SRFA Rep 4 9th Aug,DOC,9.571,mg C / L,,AQUA data_2022-026_Paresh Kokate_2022-09-09_TOC+TN.xlsx
2022,8/23/22,lab,Enrichment experiment_2,NA,SRFA,sample,5,42,filtered,SRFA Rep 5 9th Aug,DOC,9.455,mg C / L,,AQUA data_2022-026_Paresh Kokate_2022-09-09_TOC+TN.xlsx
2022,8/23/22,lab,Enrichment experiment_2,NA,SRFA,sample,6,42,filtered,SRFA Rep 6 9th Aug,DOC,9.194,mg C / L,,AQUA data_2022-026_Paresh Kokate_2022-09-09_TOC+TN.xlsx
2022,8/23/22,lab,Enrichment experiment_2,NA,SRFA,sample,7,42,filtered,SRFA Rep 7 9th Aug,DOC,9.157,mg C / L,,AQUA data_2022-026_Paresh Kokate_2022-09-09_TOC+TN.xlsx
2022,8/23/22,lab,Enrichment experiment_2,NA,SRFA,sample,8,42,filtered,SRFA Rep 8 9th Aug,DOC,9.746,mg C / L,,AQUA data_2022-026_Paresh Kokate_2022-09-09_TOC+TN.xlsx
2022,8/23/22,lab,Enrichment experiment_2,NA,SRFA,sample,9,42,filtered,SRFA Rep 9 9th Aug,DOC,9.117,mg C / L,,AQUA data_2022-026_Paresh Kokate_2022-09-09_TOC+TN.xlsx
2022,8/23/22,lab,Enrichment experiment_2,NA,SRFA,sample,10,42,filtered,SRFA Rep 10 9th Aug,DOC,9.489,mg C / L,,AQUA data_2022-026_Paresh Kokate_2022-09-09_TOC+TN.xlsx
2022,8/23/22,lab,Enrichment experiment_2,NA,Chlorella,filter blank,,42,filtered,Chlorella Filter Blank 23rd Aug,TDN,0.5126,mg N / L,,AQUA data_2022-026_Paresh Kokate_2022-09-09_TOC+TN.xlsx
2022,8/23/22,lab,Enrichment experiment_2,NA,Chlorella,sample,1,42,filtered,Chlorella Rep 1 9th Aug,TDN,267.9,mg N / L,,AQUA data_2022-026_Paresh Kokate_2022-09-09_TOC+TN.xlsx
2022,8/23/22,lab,Enrichment experiment_2,NA,Chlorella,sample,2,42,filtered,Chlorella Rep 2 9th Aug,TDN,273.8,mg N / L,,AQUA data_2022-026_Paresh Kokate_2022-09-09_TOC+TN.xlsx
2022,8/23/22,lab,Enrichment experiment_2,NA,Chlorella,sample,3,42,filtered,Chlorella Rep 3 9th Aug,TDN,288.2,mg N / L,,AQUA data_2022-026_Paresh Kokate_2022-09-09_TOC+TN.xlsx
2022,8/23/22,lab,Enrichment experiment_2,NA,Chlorella,sample,4,42,filtered,Chlorella Rep 4 9th Aug,TDN,291.8,mg N / L,,AQUA data_2022-026_Paresh Kokate_2022-09-09_TOC+TN.xlsx
2022,8/23/22,lab,Enrichment experiment_2,NA,Chlorella,sample,5,42,filtered,Chlorella Rep 5 9th Aug,TDN,300.4,mg N / L,,AQUA data_2022-026_Paresh Kokate_2022-09-09_TOC+TN.xlsx
2022,8/23/22,lab,Enrichment experiment_2,NA,Chlorella,sample,6,42,filtered,Chlorella Rep 6 9th Aug,TDN,290.9,mg N / L,,AQUA data_2022-026_Paresh Kokate_2022-09-09_TOC+TN.xlsx
2022,8/23/22,lab,Enrichment experiment_2,NA,Chlorella,sample,7,42,filtered,Chlorella Rep 7 9th Aug,TDN,289.4,mg N / L,,AQUA data_2022-026_Paresh Kokate_2022-09-09_TOC+TN.xlsx
2022,8/23/22,lab,Enrichment experiment_2,NA,Chlorella,sample,8,42,filtered,Chlorella Rep 8 9th Aug,TDN,296.9,mg N / L,,AQUA data_2022-026_Paresh Kokate_2022-09-09_TOC+TN.xlsx
2022,8/23/22,lab,Enrichment experiment_2,NA,Chlorella,sample,9,42,filtered,Chlorella Rep 9 9th Aug,TDN,293.2,mg N / L,,AQUA data_2022-026_Paresh Kokate_2022-09-09_TOC+TN.xlsx
2022,8/23/22,lab,Enrichment experiment_2,NA,Chlorella,sample,10,42,filtered,Chlorella Rep 10 9th Aug,TDN,295.1,mg N / L,,AQUA data_2022-026_Paresh Kokate_2022-09-09_TOC+TN.xlsx
2022,8/23/22,lab,Enrichment experiment_2,NA,ES,filter blank,,42,filtered,ES Filter Blank 23rd Aug,TDN,0.5898,mg N / L,,AQUA data_2022-026_Paresh Kokate_2022-09-09_TOC+TN.xlsx
2022,8/23/22,lab,Enrichment experiment_2,NA,ES,sample,1,42,filtered,ES Rep 1 9th Aug,TDN,273,mg N / L,,AQUA data_2022-026_Paresh Kokate_2022-09-09_TOC+TN.xlsx
2022,8/23/22,lab,Enrichment experiment_2,NA,ES,sample,2,42,filtered,ES Rep 2 9th Aug,TDN,272.9,mg N / L,,AQUA data_2022-026_Paresh Kokate_2022-09-09_TOC+TN.xlsx
2022,8/23/22,lab,Enrichment experiment_2,NA,ES,sample,3,42,filtered,ES Rep 3 9th Aug,TDN,278.2,mg N / L,,AQUA data_2022-026_Paresh Kokate_2022-09-09_TOC+TN.xlsx
2022,8/23/22,lab,Enrichment experiment_2,NA,ES,sample,4,42,filtered,ES Rep 4 9th Aug,TDN,275.4,mg N / L,,AQUA data_2022-026_Paresh Kokate_2022-09-09_TOC+TN.xlsx
2022,8/23/22,lab,Enrichment experiment_2,NA,ES,sample,5,42,filtered,ES Rep 5 9th Aug,TDN,276.9,mg N / L,,AQUA data_2022-026_Paresh Kokate_2022-09-09_TOC+TN.xlsx
2022,8/23/22,lab,Enrichment experiment_2,NA,ES,sample,6,42,filtered,ES Rep 6 9th Aug,TDN,283,mg N / L,,AQUA data_2022-026_Paresh Kokate_2022-09-09_TOC+TN.xlsx
2022,8/23/22,lab,Enrichment experiment_2,NA,ES,sample,7,42,filtered,ES Rep 7 9th Aug,TDN,287.5,mg N / L,,AQUA data_2022-026_Paresh Kokate_2022-09-09_TOC+TN.xlsx
2022,8/23/22,lab,Enrichment experiment_2,NA,ES,sample,8,42,filtered,ES Rep 8 9th Aug,TDN,275.4,mg N / L,,AQUA data_2022-026_Paresh Kokate_2022-09-09_TOC+TN.xlsx
2022,8/23/22,lab,Enrichment experiment_2,NA,ES,sample,9,42,filtered,ES Rep 9 9th Aug,TDN,274.2,mg N / L,,AQUA data_2022-026_Paresh Kokate_2022-09-09_TOC+TN.xlsx
2022,8/23/22,lab,Enrichment experiment_2,NA,ES,sample,10,42,filtered,ES Rep 10 9th Aug,TDN,289.1,mg N / L,,AQUA data_2022-026_Paresh Kokate_2022-09-09_TOC+TN.xlsx
2022,8/23/22,lab,Enrichment experiment_2,NA,SRFA,filter blank,,42,filtered,SRFA Filter Blank 23rd Aug,TDN,0.4476,mg N / L,,AQUA data_2022-026_Paresh Kokate_2022-09-09_TOC+TN.xlsx
2022,8/23/22,lab,Enrichment experiment_2,NA,SRFA,sample,1,42,filtered,SRFA Rep 1 9th Aug,TDN,277.3,mg N / L,,AQUA data_2022-026_Paresh Kokate_2022-09-09_TOC+TN.xlsx
2022,8/23/22,lab,Enrichment experiment_2,NA,SRFA,sample,2,42,filtered,SRFA Rep 2 9th Aug,TDN,278.4,mg N / L,,AQUA data_2022-026_Paresh Kokate_2022-09-09_TOC+TN.xlsx
2022,8/23/22,lab,Enrichment experiment_2,NA,SRFA,sample,3,42,filtered,SRFA Rep 3 9th Aug,TDN,277.1,mg N / L,,AQUA data_2022-026_Paresh Kokate_2022-09-09_TOC+TN.xlsx
2022,8/23/22,lab,Enrichment experiment_2,NA,SRFA,sample,4,42,filtered,SRFA Rep 4 9th Aug,TDN,283.4,mg N / L,,AQUA data_2022-026_Paresh Kokate_2022-09-09_TOC+TN.xlsx
2022,8/23/22,lab,Enrichment experiment_2,NA,SRFA,sample,5,42,filtered,SRFA Rep 5 9th Aug,TDN,280.3,mg N / L,,AQUA data_2022-026_Paresh Kokate_2022-09-09_TOC+TN.xlsx
2022,8/23/22,lab,Enrichment experiment_2,NA,SRFA,sample,6,42,filtered,SRFA Rep 6 9th Aug,TDN,272.6,mg N / L,,AQUA data_2022-026_Paresh Kokate_2022-09-09_TOC+TN.xlsx
2022,8/23/22,lab,Enrichment experiment_2,NA,SRFA,sample,7,42,filtered,SRFA Rep 7 9th Aug,TDN,279.5,mg N / L,,AQUA data_2022-026_Paresh Kokate_2022-09-09_TOC+TN.xlsx
2022,8/23/22,lab,Enrichment experiment_2,NA,SRFA,sample,8,42,filtered,SRFA Rep 8 9th Aug,TDN,279.3,mg N / L,,AQUA data_2022-026_Paresh Kokate_2022-09-09_TOC+TN.xlsx
2022,8/23/22,lab,Enrichment experiment_2,NA,SRFA,sample,9,42,filtered,SRFA Rep 9 9th Aug,TDN,267,mg N / L,,AQUA data_2022-026_Paresh Kokate_2022-09-09_TOC+TN.xlsx
2022,8/23/22,lab,Enrichment experiment_2,NA,SRFA,sample,10,42,filtered,SRFA Rep 10 9th Aug,TDN,281.8,mg N / L,,AQUA data_2022-026_Paresh Kokate_2022-09-09_TOC+TN.xlsx
2022,7/12/22,field,Pigrim R at paradise road,NA,NA,sample,1,NA,filtered,DOC1,DOC,2.73,mg C / L,,AQUA data_2022-015_Marcarelli_2022-07-15.xlsx
2022,7/12/22,field,Pigrim R at paradise road,NA,NA,sample,2,NA,filtered,DOC2,DOC,2.741,mg C / L,,AQUA data_2022-015_Marcarelli_2022-07-15.xlsx
2022,7/12/22,field,Pigrim R at paradise road,NA,NA,sample,1,NA,filtered,DOC1,TDN,0.3113,mg N / L,,AQUA data_2022-015_Marcarelli_2022-07-15.xlsx
2022,7/12/22,field,Pigrim R at paradise road,NA,NA,sample,2,NA,filtered,DOC2,TDN,0.307,mg N / L,,AQUA data_2022-015_Marcarelli_2022-07-15.xlsx
2022,10/21/22,field,Pigrim R at paradise road,NA,NA,sample,1,NA,filtered,DOC1,DOC,5.61,mg C / L,,AQUA_data_2022-035_Marcarelli_2022-10-24.xlsx
2022,10/21/22,field,Pigrim R at paradise road,NA,NA,sample,2,NA,filtered,DOC2,DOC,5.726,mg C / L,,AQUA_data_2022-035_Marcarelli_2022-10-24.xlsx
2022,10/21/22,field,Pigrim R at paradise road,NA,NA,sample,1,NA,filtered,DOC1,TDN,0.3737,mg N / L,,AQUA_data_2022-035_Marcarelli_2022-10-24.xlsx
2022,10/21/22,field,Pigrim R at paradise road,NA,NA,sample,2,NA,filtered,DOC2,TDN,0.3822,mg N / L,,AQUA_data_2022-035_Marcarelli_2022-10-24.xlsx
2022,9/6/22,lab,DOM Crossing Experiment 1,CHLOR,CHLOR,sample,,0,filtered,2022-09-06 CHLOR/CHLOR T0 DOC,DOC,17.8,mg C / L,,AQUA_data_2022-028_Marcarelli_2022-09-21_TOC+TN.xlsx
2022,9/6/22,lab,DOM Crossing Experiment 1,CHLOR,ES,sample,,0,filtered,2022-09-06 CHLOR/ES T0 DOC,DOC,16.48,mg C / L,,AQUA_data_2022-028_Marcarelli_2022-09-21_TOC+TN.xlsx
2022,9/6/22,lab,DOM Crossing Experiment 1,CHLOR,SRFA,sample,,0,filtered,2022-09-06 CHLOR/SFRA T0 DOC,DOC,17.04,mg C / L,,AQUA_data_2022-028_Marcarelli_2022-09-21_TOC+TN.xlsx
2022,9/6/22,lab,DOM Crossing Experiment 1,CTRL,CHLOR,sample,,0,filtered,2022-09-06 CTRL/CHLOR T0 DOC,DOC,20.43,mg C / L,,AQUA_data_2022-028_Marcarelli_2022-09-21_TOC+TN.xlsx
2022,9/6/22,lab,DOM Crossing Experiment 1,CTRL,ES,sample,,0,filtered,2022-09-06 CTRL/ES T0 DOC,DOC,18.73,mg C / L,,AQUA_data_2022-028_Marcarelli_2022-09-21_TOC+TN.xlsx
2022,9/6/22,lab,DOM Crossing Experiment 1,CTRL,SRFA,sample,,0,filtered,2022-09-06 CTRL/SFRA T0 DOC,DOC,19.44,mg C / L,,AQUA_data_2022-028_Marcarelli_2022-09-21_TOC+TN.xlsx
2022,9/6/22,lab,DOM Crossing Experiment 1,ES,CHLOR,sample,,0,filtered,2022-09-06 ES/CHLOR T0 DOC,DOC,19.72,mg C / L,,AQUA_data_2022-028_Marcarelli_2022-09-21_TOC+TN.xlsx
2022,9/6/22,lab,DOM Crossing Experiment 1,ES,ES,sample,,0,filtered,2022-09-06 ES/ES T0 DOC,DOC,18.68,mg C / L,,AQUA_data_2022-028_Marcarelli_2022-09-21_TOC+TN.xlsx
2022,9/6/22,lab,DOM Crossing Experiment 1,ES,SRFA,sample,,0,filtered,2022-09-06 ES/SFRA T0 DOC,DOC,,mg C / L,"This sample didn't have enough volume to be analyzed - it was included in the run but no peaks were generated, so values omitted here",AQUA_data_2022-028_Marcarelli_2022-09-21_TOC+TN.xlsx
2022,9/6/22,lab,DOM Crossing Experiment 1,FILTER BLANK,FILTER BLANK,filter blank,,0,filtered,2022-09-06 FILTER BLANK T0 DOC,DOC,<LOD,mg C / L,<LOD,AQUA_data_2022-028_Marcarelli_2022-09-21_TOC+TN.xlsx
2022,9/6/22,lab,DOM Crossing Experiment 1,SRFA,CHLOR,sample,,0,filtered,2022-09-06 SFRA/CHLOR T0 DOC,DOC,23.12,mg C / L,,AQUA_data_2022-028_Marcarelli_2022-09-21_TOC+TN.xlsx
2022,9/6/22,lab,DOM Crossing Experiment 1,SRFA,ES,sample,,0,filtered,2022-09-06 SFRA/ES T0 DOC,DOC,20.4,mg C / L,,AQUA_data_2022-028_Marcarelli_2022-09-21_TOC+TN.xlsx
2022,9/6/22,lab,DOM Crossing Experiment 1,SRFA,SRFA,sample,,0,filtered,2022-09-06 SFRA/SFRA T0 DOC,DOC,20.85,mg C / L,,AQUA_data_2022-028_Marcarelli_2022-09-21_TOC+TN.xlsx
2022,9/6/22,lab,DOM Crossing Experiment 1,CHLOR,CHLOR,sample,,0,filtered,2022-09-06 CHLOR/CHLOR T0 DOC,TDN,296.8,mg N / L,TAIL,AQUA_data_2022-028_Marcarelli_2022-09-21_TOC+TN.xlsx
2022,9/6/22,lab,DOM Crossing Experiment 1,CHLOR,ES,sample,,0,filtered,2022-09-06 CHLOR/ES T0 DOC,TDN,311.6,mg N / L,TAIL,AQUA_data_2022-028_Marcarelli_2022-09-21_TOC+TN.xlsx
2022,9/6/22,lab,DOM Crossing Experiment 1,CHLOR,SRFA,sample,,0,filtered,2022-09-06 CHLOR/SFRA T0 DOC,TDN,317.3,mg N / L,TAIL,AQUA_data_2022-028_Marcarelli_2022-09-21_TOC+TN.xlsx
2022,9/6/22,lab,DOM Crossing Experiment 1,CTRL,CHLOR,sample,,0,filtered,2022-09-06 CTRL/CHLOR T0 DOC,TDN,310.4,mg N / L,TAIL,AQUA_data_2022-028_Marcarelli_2022-09-21_TOC+TN.xlsx
2022,9/6/22,lab,DOM Crossing Experiment 1,CTRL,ES,sample,,0,filtered,2022-09-06 CTRL/ES T0 DOC,TDN,308.9,mg N / L,TAIL,AQUA_data_2022-028_Marcarelli_2022-09-21_TOC+TN.xlsx
2022,9/6/22,lab,DOM Crossing Experiment 1,CTRL,SRFA,sample,,0,filtered,2022-09-06 CTRL/SFRA T0 DOC,TDN,295.4,mg N / L,TAIL,AQUA_data_2022-028_Marcarelli_2022-09-21_TOC+TN.xlsx
2022,9/6/22,lab,DOM Crossing Experiment 1,ES,CHLOR,sample,,0,filtered,2022-09-06 ES/CHLOR T0 DOC,TDN,305.1,mg N / L,TAIL,AQUA_data_2022-028_Marcarelli_2022-09-21_TOC+TN.xlsx
2022,9/6/22,lab,DOM Crossing Experiment 1,ES,ES,sample,,0,filtered,2022-09-06 ES/ES T0 DOC,TDN,315.2,mg N / L,TAIL,AQUA_data_2022-028_Marcarelli_2022-09-21_TOC+TN.xlsx
2022,9/6/22,lab,DOM Crossing Experiment 1,ES,SRFA,sample,,0,filtered,2022-09-06 ES/SFRA T0 DOC,TDN,,mg N / L,"This sample didn't have enough volume to be analyzed - it was included in the run but no peaks were generated, so values omitted here",AQUA_data_2022-028_Marcarelli_2022-09-21_TOC+TN.xlsx
2022,9/6/22,lab,DOM Crossing Experiment 1,FILTER BLANK,FILTER BLANK,filter blank,,0,filtered,2022-09-06 FILTER BLANK T0 DOC,TDN,<LOD,mg N / L,<LOD,AQUA_data_2022-028_Marcarelli_2022-09-21_TOC+TN.xlsx
2022,9/6/22,lab,DOM Crossing Experiment 1,SRFA,CHLOR,sample,,0,filtered,2022-09-06 SFRA/CHLOR T0 DOC,TDN,288,mg N / L,TAIL,AQUA_data_2022-028_Marcarelli_2022-09-21_TOC+TN.xlsx
2022,9/6/22,lab,DOM Crossing Experiment 1,SRFA,ES,sample,,0,filtered,2022-09-06 SFRA/ES T0 DOC,TDN,308.3,mg N / L,TAIL,AQUA_data_2022-028_Marcarelli_2022-09-21_TOC+TN.xlsx
2022,9/6/22,lab,DOM Crossing Experiment 1,SRFA,SRFA,sample,,0,filtered,2022-09-06 SFRA/SFRA T0 DOC,TDN,300.4,mg N / L,TAIL,AQUA_data_2022-028_Marcarelli_2022-09-21_TOC+TN.xlsx
2022,9/20/22,lab,DOM Crossing Experiment 1,CHLOR,CHLOR,sample,1,14,filtered,2022-09-20 CHLOR/CHLOR 1 DOC,DOC,2.925,mg C / L,,AQUA_data_2022-031_Marcarelli_2022-09-30_TOC+TN.xlsx
2022,9/20/22,lab,DOM Crossing Experiment 1,CHLOR,CHLOR,sample,2,14,filtered,2022-09-20 CHLOR/CHLOR 2 DOC,DOC,2.752,mg C / L,,AQUA_data_2022-031_Marcarelli_2022-09-30_TOC+TN.xlsx
2022,9/20/22,lab,DOM Crossing Experiment 1,CHLOR,CHLOR,sample,3,14,filtered,2022-09-20 CHLOR/CHLOR 3 DOC,DOC,2.784,mg C / L,,AQUA_data_2022-031_Marcarelli_2022-09-30_TOC+TN.xlsx
2022,9/20/22,lab,DOM Crossing Experiment 1,CHLOR,ES,sample,1,14,filtered,2022-09-20 CHLOR/ES 1 DOC,DOC,8.18,mg C / L,,AQUA_data_2022-031_Marcarelli_2022-09-30_TOC+TN.xlsx
2022,9/20/22,lab,DOM Crossing Experiment 1,CHLOR,ES,sample,2,14,filtered,2022-09-20 CHLOR/ES 2 DOC,DOC,8.199,mg C / L,,AQUA_data_2022-031_Marcarelli_2022-09-30_TOC+TN.xlsx
2022,9/20/22,lab,DOM Crossing Experiment 1,CHLOR,ES,sample,3,14,filtered,2022-09-20 CHLOR/ES 3 DOC,DOC,11.04,mg C / L,,AQUA_data_2022-031_Marcarelli_2022-09-30_TOC+TN.xlsx
2022,9/20/22,lab,DOM Crossing Experiment 1,CHLOR,SRFA,sample,1,14,filtered,2022-09-20 CHLOR/SFRA 1 DOC,DOC,17.56,mg C / L,,AQUA_data_2022-031_Marcarelli_2022-09-30_TOC+TN.xlsx
2022,9/20/22,lab,DOM Crossing Experiment 1,CHLOR,SRFA,sample,2,14,filtered,2022-09-20 CHLOR/SFRA 2 DOC,DOC,17.8,mg C / L,,AQUA_data_2022-031_Marcarelli_2022-09-30_TOC+TN.xlsx
2022,9/20/22,lab,DOM Crossing Experiment 1,CHLOR,SRFA,sample,3,14,filtered,2022-09-20 CHLOR/SFRA 3 DOC,DOC,17.97,mg C / L,,AQUA_data_2022-031_Marcarelli_2022-09-30_TOC+TN.xlsx
2022,9/20/22,lab,DOM Crossing Experiment 1,CTRL,CHLOR,sample,1,14,filtered,2022-09-20 CTRL/CHLOR 1 DOC,DOC,8.322,mg C / L,,AQUA_data_2022-031_Marcarelli_2022-09-30_TOC+TN.xlsx
2022,9/20/22,lab,DOM Crossing Experiment 1,CTRL,ES,sample,1,14,filtered,2022-09-20 CTRL/ES 1 DOC,DOC,14.29,mg C / L,,AQUA_data_2022-031_Marcarelli_2022-09-30_TOC+TN.xlsx
2022,9/20/22,lab,DOM Crossing Experiment 1,CTRL,SRFA,sample,1,14,filtered,2022-09-20 CTRL/SFRA 1 DOC,DOC,20.6,mg C / L,,AQUA_data_2022-031_Marcarelli_2022-09-30_TOC+TN.xlsx
2022,9/20/22,lab,DOM Crossing Experiment 1,ES,CHLOR,sample,1,14,filtered,2022-09-20 ES/CHLOR 1 DOC,DOC,3.801,mg C / L,,AQUA_data_2022-031_Marcarelli_2022-09-30_TOC+TN.xlsx
2022,9/20/22,lab,DOM Crossing Experiment 1,ES,CHLOR,sample,2,14,filtered,2022-09-20 ES/CHLOR 2 DOC,DOC,3.647,mg C / L,,AQUA_data_2022-031_Marcarelli_2022-09-30_TOC+TN.xlsx
2022,9/20/22,lab,DOM Crossing Experiment 1,ES,CHLOR,sample,3,14,filtered,2022-09-20 ES/CHLOR 3 DOC,DOC,4.027,mg C / L,,AQUA_data_2022-031_Marcarelli_2022-09-30_TOC+TN.xlsx
2022,9/20/22,lab,DOM Crossing Experiment 1,ES,ES,sample,1,14,filtered,2022-09-20 ES/ES 1 DOC,DOC,9.116,mg C / L,,AQUA_data_2022-031_Marcarelli_2022-09-30_TOC+TN.xlsx
2022,9/20/22,lab,DOM Crossing Experiment 1,ES,ES,sample,2,14,filtered,2022-09-20 ES/ES 2 DOC,DOC,8.883,mg C / L,,AQUA_data_2022-031_Marcarelli_2022-09-30_TOC+TN.xlsx
2022,9/20/22,lab,DOM Crossing Experiment 1,ES,ES,sample,3,14,filtered,2022-09-20 ES/ES 3 DOC,DOC,11.72,mg C / L,,AQUA_data_2022-031_Marcarelli_2022-09-30_TOC+TN.xlsx
2022,9/20/22,lab,DOM Crossing Experiment 1,ES,SRFA,sample,1,14,filtered,2022-09-20 ES/SFRA 1 DOC,DOC,17.91,mg C / L,,AQUA_data_2022-031_Marcarelli_2022-09-30_TOC+TN.xlsx
2022,9/20/22,lab,DOM Crossing Experiment 1,ES,SRFA,sample,2,14,filtered,2022-09-20 ES/SFRA 2 DOC,DOC,18.58,mg C / L,,AQUA_data_2022-031_Marcarelli_2022-09-30_TOC+TN.xlsx
2022,9/20/22,lab,DOM Crossing Experiment 1,ES,SRFA,sample,3,14,filtered,2022-09-20 ES/SFRA 3 DOC,DOC,19.64,mg C / L,,AQUA_data_2022-031_Marcarelli_2022-09-30_TOC+TN.xlsx
2022,9/20/22,lab,DOM Crossing Experiment 1,SRFA,CHLOR,sample,1,14,filtered,2022-09-20 SFRA/CHLOR 1 DOC,DOC,7.859,mg C / L,,AQUA_data_2022-031_Marcarelli_2022-09-30_TOC+TN.xlsx
2022,9/20/22,lab,DOM Crossing Experiment 1,SRFA,CHLOR,sample,2,14,filtered,2022-09-20 SFRA/CHLOR 2 DOC,DOC,7.132,mg C / L,,AQUA_data_2022-031_Marcarelli_2022-09-30_TOC+TN.xlsx
2022,9/20/22,lab,DOM Crossing Experiment 1,SRFA,CHLOR,sample,3,14,filtered,2022-09-20 SFRA/CHLOR 3 DOC,DOC,7.338,mg C / L,,AQUA_data_2022-031_Marcarelli_2022-09-30_TOC+TN.xlsx
2022,9/20/22,lab,DOM Crossing Experiment 1,SRFA,ES,sample,1,14,filtered,2022-09-20 SFRA/ES 1 DOC,DOC,14.19,mg C / L,,AQUA_data_2022-031_Marcarelli_2022-09-30_TOC+TN.xlsx
2022,9/20/22,lab,DOM Crossing Experiment 1,SRFA,ES,sample,2,14,filtered,2022-09-20 SFRA/ES 2 DOC,DOC,17.4,mg C / L,,AQUA_data_2022-031_Marcarelli_2022-09-30_TOC+TN.xlsx
2022,9/20/22,lab,DOM Crossing Experiment 1,SRFA,ES,sample,3,14,filtered,2022-09-20 SFRA/ES 3 DOC,DOC,13.7,mg C / L,,AQUA_data_2022-031_Marcarelli_2022-09-30_TOC+TN.xlsx
2022,9/20/22,lab,DOM Crossing Experiment 1,SRFA,SRFA,sample,1,14,filtered,2022-09-20 SFRA/SFRA 1 DOC,DOC,21.58,mg C / L,,AQUA_data_2022-031_Marcarelli_2022-09-30_TOC+TN.xlsx
2022,9/20/22,lab,DOM Crossing Experiment 1,SRFA,SRFA,sample,2,14,filtered,2022-09-20 SFRA/SFRA 2 DOC,DOC,21.68,mg C / L,,AQUA_data_2022-031_Marcarelli_2022-09-30_TOC+TN.xlsx
2022,9/20/22,lab,DOM Crossing Experiment 1,SRFA,SRFA,sample,3,14,filtered,2022-09-20 SFRA/SFRA 3 DOC,DOC,21.7,mg C / L,,AQUA_data_2022-031_Marcarelli_2022-09-30_TOC+TN.xlsx
2022,9/20/22,lab,DOM Crossing Experiment 1,CHLOR,CHLOR,sample,1,14,filtered,2022-09-20 CHLOR/CHLOR 1 DOC,TDN,347.9,mg N / L,,AQUA_data_2022-031_Marcarelli_2022-09-30_TOC+TN.xlsx
2022,9/20/22,lab,DOM Crossing Experiment 1,CHLOR,CHLOR,sample,2,14,filtered,2022-09-20 CHLOR/CHLOR 2 DOC,TDN,348.7,mg N / L,,AQUA_data_2022-031_Marcarelli_2022-09-30_TOC+TN.xlsx
2022,9/20/22,lab,DOM Crossing Experiment 1,CHLOR,CHLOR,sample,3,14,filtered,2022-09-20 CHLOR/CHLOR 3 DOC,TDN,352.3,mg N / L,,AQUA_data_2022-031_Marcarelli_2022-09-30_TOC+TN.xlsx
2022,9/20/22,lab,DOM Crossing Experiment 1,CHLOR,ES,sample,1,14,filtered,2022-09-20 CHLOR/ES 1 DOC,TDN,319.6,mg N / L,,AQUA_data_2022-031_Marcarelli_2022-09-30_TOC+TN.xlsx
2022,9/20/22,lab,DOM Crossing Experiment 1,CHLOR,ES,sample,2,14,filtered,2022-09-20 CHLOR/ES 2 DOC,TDN,329.3,mg N / L,,AQUA_data_2022-031_Marcarelli_2022-09-30_TOC+TN.xlsx
2022,9/20/22,lab,DOM Crossing Experiment 1,CHLOR,ES,sample,3,14,filtered,2022-09-20 CHLOR/ES 3 DOC,TDN,324.9,mg N / L,,AQUA_data_2022-031_Marcarelli_2022-09-30_TOC+TN.xlsx
2022,9/20/22,lab,DOM Crossing Experiment 1,CHLOR,SRFA,sample,1,14,filtered,2022-09-20 CHLOR/SFRA 1 DOC,TDN,336.3,mg N / L,,AQUA_data_2022-031_Marcarelli_2022-09-30_TOC+TN.xlsx
2022,9/20/22,lab,DOM Crossing Experiment 1,CHLOR,SRFA,sample,2,14,filtered,2022-09-20 CHLOR/SFRA 2 DOC,TDN,337.9,mg N / L,,AQUA_data_2022-031_Marcarelli_2022-09-30_TOC+TN.xlsx
2022,9/20/22,lab,DOM Crossing Experiment 1,CHLOR,SRFA,sample,3,14,filtered,2022-09-20 CHLOR/SFRA 3 DOC,TDN,337.4,mg N / L,,AQUA_data_2022-031_Marcarelli_2022-09-30_TOC+TN.xlsx
2022,9/20/22,lab,DOM Crossing Experiment 1,CTRL,CHLOR,sample,1,14,filtered,2022-09-20 CTRL/CHLOR 1 DOC,TDN,358.7,mg N / L,,AQUA_data_2022-031_Marcarelli_2022-09-30_TOC+TN.xlsx
2022,9/20/22,lab,DOM Crossing Experiment 1,CTRL,ES,sample,1,14,filtered,2022-09-20 CTRL/ES 1 DOC,TDN,326.4,mg N / L,tail ,AQUA_data_2022-031_Marcarelli_2022-09-30_TOC+TN.xlsx
2022,9/20/22,lab,DOM Crossing Experiment 1,CTRL,SRFA,sample,1,14,filtered,2022-09-20 CTRL/SFRA 1 DOC,TDN,333.1,mg N / L,,AQUA_data_2022-031_Marcarelli_2022-09-30_TOC+TN.xlsx
2022,9/20/22,lab,DOM Crossing Experiment 1,ES,CHLOR,sample,1,14,filtered,2022-09-20 ES/CHLOR 1 DOC,TDN,340.4,mg N / L,,AQUA_data_2022-031_Marcarelli_2022-09-30_TOC+TN.xlsx
2022,9/20/22,lab,DOM Crossing Experiment 1,ES,CHLOR,sample,2,14,filtered,2022-09-20 ES/CHLOR 2 DOC,TDN,335.5,mg N / L,,AQUA_data_2022-031_Marcarelli_2022-09-30_TOC+TN.xlsx
2022,9/20/22,lab,DOM Crossing Experiment 1,ES,CHLOR,sample,3,14,filtered,2022-09-20 ES/CHLOR 3 DOC,TDN,334.3,mg N / L,,AQUA_data_2022-031_Marcarelli_2022-09-30_TOC+TN.xlsx
2022,9/20/22,lab,DOM Crossing Experiment 1,ES,ES,sample,1,14,filtered,2022-09-20 ES/ES 1 DOC,TDN,325.8,mg N / L,,AQUA_data_2022-031_Marcarelli_2022-09-30_TOC+TN.xlsx
2022,9/20/22,lab,DOM Crossing Experiment 1,ES,ES,sample,2,14,filtered,2022-09-20 ES/ES 2 DOC,TDN,329.2,mg N / L,,AQUA_data_2022-031_Marcarelli_2022-09-30_TOC+TN.xlsx
2022,9/20/22,lab,DOM Crossing Experiment 1,ES,ES,sample,3,14,filtered,2022-09-20 ES/ES 3 DOC,TDN,313.1,mg N / L,,AQUA_data_2022-031_Marcarelli_2022-09-30_TOC+TN.xlsx
2022,9/20/22,lab,DOM Crossing Experiment 1,ES,SRFA,sample,1,14,filtered,2022-09-20 ES/SFRA 1 DOC,TDN,309.2,mg N / L,,AQUA_data_2022-031_Marcarelli_2022-09-30_TOC+TN.xlsx
2022,9/20/22,lab,DOM Crossing Experiment 1,ES,SRFA,sample,2,14,filtered,2022-09-20 ES/SFRA 2 DOC,TDN,323.3,mg N / L,,AQUA_data_2022-031_Marcarelli_2022-09-30_TOC+TN.xlsx
2022,9/20/22,lab,DOM Crossing Experiment 1,ES,SRFA,sample,3,14,filtered,2022-09-20 ES/SFRA 3 DOC,TDN,328,mg N / L,tail ,AQUA_data_2022-031_Marcarelli_2022-09-30_TOC+TN.xlsx
2022,9/20/22,lab,DOM Crossing Experiment 1,SRFA,CHLOR,sample,1,14,filtered,2022-09-20 SFRA/CHLOR 1 DOC,TDN,352.3,mg N / L,,AQUA_data_2022-031_Marcarelli_2022-09-30_TOC+TN.xlsx
2022,9/20/22,lab,DOM Crossing Experiment 1,SRFA,CHLOR,sample,2,14,filtered,2022-09-20 SFRA/CHLOR 2 DOC,TDN,352.2,mg N / L,,AQUA_data_2022-031_Marcarelli_2022-09-30_TOC+TN.xlsx
2022,9/20/22,lab,DOM Crossing Experiment 1,SRFA,CHLOR,sample,3,14,filtered,2022-09-20 SFRA/CHLOR 3 DOC,TDN,344,mg N / L,,AQUA_data_2022-031_Marcarelli_2022-09-30_TOC+TN.xlsx
2022,9/20/22,lab,DOM Crossing Experiment 1,SRFA,ES,sample,1,14,filtered,2022-09-20 SFRA/ES 1 DOC,TDN,327.2,mg N / L,,AQUA_data_2022-031_Marcarelli_2022-09-30_TOC+TN.xlsx
2022,9/20/22,lab,DOM Crossing Experiment 1,SRFA,ES,sample,2,14,filtered,2022-09-20 SFRA/ES 2 DOC,TDN,327.9,mg N / L,,AQUA_data_2022-031_Marcarelli_2022-09-30_TOC+TN.xlsx
2022,9/20/22,lab,DOM Crossing Experiment 1,SRFA,ES,sample,3,14,filtered,2022-09-20 SFRA/ES 3 DOC,TDN,338.2,mg N / L,,AQUA_data_2022-031_Marcarelli_2022-09-30_TOC+TN.xlsx
2022,9/20/22,lab,DOM Crossing Experiment 1,SRFA,SRFA,sample,1,14,filtered,2022-09-20 SFRA/SFRA 1 DOC,TDN,317,mg N / L,,AQUA_data_2022-031_Marcarelli_2022-09-30_TOC+TN.xlsx
2022,9/20/22,lab,DOM Crossing Experiment 1,SRFA,SRFA,sample,2,14,filtered,2022-09-20 SFRA/SFRA 2 DOC,TDN,335.7,mg N / L,,AQUA_data_2022-031_Marcarelli_2022-09-30_TOC+TN.xlsx
2022,9/20/22,lab,DOM Crossing Experiment 1,SRFA,SRFA,sample,3,14,filtered,2022-09-20 SFRA/SFRA 3 DOC,TDN,337.7,mg N / L,,AQUA_data_2022-031_Marcarelli_2022-09-30_TOC+TN.xlsx
2022,9/20/22,lab,DOM Crossing Experiment 2,CHLOR,CHLOR,sample,,0,filtered,2022-09-20 CHLOR/CHLOR T0 DOC,DOC,12.87,mg C / L,,AQUA_data_2022-031_Marcarelli_2022-09-30_TOC+TN.xlsx
2022,9/20/22,lab,DOM Crossing Experiment 2,CHLOR,ES,sample,,0,filtered,2022-09-20 CHLOR/ES T0 DOC,DOC,16.04,mg C / L,"Note on bottle: ""THIS SAMPLE MAY BE ES/CHLOR""",AQUA_data_2022-031_Marcarelli_2022-09-30_TOC+TN.xlsx
2022,9/20/22,lab,DOM Crossing Experiment 2,CHLOR,SRFA,sample,,0,filtered,2022-09-20 CHLOR/SFRA T0 DOC,DOC,18.08,mg C / L,,AQUA_data_2022-031_Marcarelli_2022-09-30_TOC+TN.xlsx
2022,9/20/22,lab,DOM Crossing Experiment 2,CTRL,CHLOR,sample,,0,filtered,2022-09-20 CTRL/CHLOR T0 DOC,DOC,14.98,mg C / L,,AQUA_data_2022-031_Marcarelli_2022-09-30_TOC+TN.xlsx
2022,9/20/22,lab,DOM Crossing Experiment 2,CTRL,ES,sample,,0,filtered,2022-09-20 CTRL/ES T0 DOC,DOC,19.99,mg C / L,,AQUA_data_2022-031_Marcarelli_2022-09-30_TOC+TN.xlsx
2022,9/20/22,lab,DOM Crossing Experiment 2,CTRL,SRFA,sample,,0,filtered,2022-09-20 CTRL/SFRA T0 DOC,DOC,21.32,mg C / L,,AQUA_data_2022-031_Marcarelli_2022-09-30_TOC+TN.xlsx
2022,9/20/22,lab,DOM Crossing Experiment 2,ES,CHLOR,sample,,0,filtered,2022-09-20 ES/CHLOR T0 DOC,DOC,12.67,mg C / L,"Note on bottle: ""THIS SAMPLE MAY BE CHLOR/ES""",AQUA_data_2022-031_Marcarelli_2022-09-30_TOC+TN.xlsx
2022,9/20/22,lab,DOM Crossing Experiment 2,ES,ES,sample,,0,filtered,2022-09-20 ES/ES T0 DOC,DOC,17.59,mg C / L,,AQUA_data_2022-031_Marcarelli_2022-09-30_TOC+TN.xlsx
2022,9/20/22,lab,DOM Crossing Experiment 2,ES,SRFA,sample,,0,filtered,2022-09-20 ES/SFRA T0 DOC,DOC,18.6,mg C / L,,AQUA_data_2022-031_Marcarelli_2022-09-30_TOC+TN.xlsx
2022,9/20/22,lab,DOM Crossing Experiment 2,FILTER BLANK,FILTER BLANK,filter blank,,0,filtered,2022-09-20 FILTER BLANK T0 DOC,DOC,4.402,mg C / L,,AQUA_data_2022-031_Marcarelli_2022-09-30_TOC+TN.xlsx
2022,9/20/22,lab,DOM Crossing Experiment 2,SRFA,CHLOR,sample,,0,filtered,2022-09-20 SFRA/CHLOR T0 DOC,DOC,14.65,mg C / L,,AQUA_data_2022-031_Marcarelli_2022-09-30_TOC+TN.xlsx
2022,9/20/22,lab,DOM Crossing Experiment 2,SRFA,ES,sample,,0,filtered,2022-09-20 SFRA/ES T0 DOC,DOC,18.25,mg C / L,,AQUA_data_2022-031_Marcarelli_2022-09-30_TOC+TN.xlsx
2022,9/20/22,lab,DOM Crossing Experiment 2,SRFA,SRFA,sample,,0,filtered,2022-09-20 SFRA/SFRA T0 DOC,DOC,19.61,mg C / L,,AQUA_data_2022-031_Marcarelli_2022-09-30_TOC+TN.xlsx
2022,9/20/22,lab,DOM Crossing Experiment 2,CHLOR,CHLOR,sample,,0,filtered,2022-09-20 CHLOR/CHLOR T0 DOC,TDN,328,mg N / L,,AQUA_data_2022-031_Marcarelli_2022-09-30_TOC+TN.xlsx
2022,9/20/22,lab,DOM Crossing Experiment 2,CHLOR,ES,sample,,0,filtered,2022-09-20 CHLOR/ES T0 DOC,TDN,325.6,mg N / L,"Note on bottle: ""THIS SAMPLE MAY BE ES/CHLOR""",AQUA_data_2022-031_Marcarelli_2022-09-30_TOC+TN.xlsx
2022,9/20/22,lab,DOM Crossing Experiment 2,CHLOR,SRFA,sample,,0,filtered,2022-09-20 CHLOR/SFRA T0 DOC,TDN,324,mg N / L,,AQUA_data_2022-031_Marcarelli_2022-09-30_TOC+TN.xlsx
2022,9/20/22,lab,DOM Crossing Experiment 2,CTRL,CHLOR,sample,,0,filtered,2022-09-20 CTRL/CHLOR T0 DOC,TDN,332.9,mg N / L,,AQUA_data_2022-031_Marcarelli_2022-09-30_TOC+TN.xlsx
2022,9/20/22,lab,DOM Crossing Experiment 2,CTRL,ES,sample,,0,filtered,2022-09-20 CTRL/ES T0 DOC,TDN,323.5,mg N / L,,AQUA_data_2022-031_Marcarelli_2022-09-30_TOC+TN.xlsx
2022,9/20/22,lab,DOM Crossing Experiment 2,CTRL,SRFA,sample,,0,filtered,2022-09-20 CTRL/SFRA T0 DOC,TDN,330.6,mg N / L,,AQUA_data_2022-031_Marcarelli_2022-09-30_TOC+TN.xlsx
2022,9/20/22,lab,DOM Crossing Experiment 2,ES,CHLOR,sample,,0,filtered,2022-09-20 ES/CHLOR T0 DOC,TDN,325.8,mg N / L,"Note on bottle: ""THIS SAMPLE MAY BE CHLOR/ES""",AQUA_data_2022-031_Marcarelli_2022-09-30_TOC+TN.xlsx
2022,9/20/22,lab,DOM Crossing Experiment 2,ES,ES,sample,,0,filtered,2022-09-20 ES/ES T0 DOC,TDN,327.1,mg N / L,,AQUA_data_2022-031_Marcarelli_2022-09-30_TOC+TN.xlsx
2022,9/20/22,lab,DOM Crossing Experiment 2,ES,SRFA,sample,,0,filtered,2022-09-20 ES/SFRA T0 DOC,TDN,325.7,mg N / L,,AQUA_data_2022-031_Marcarelli_2022-09-30_TOC+TN.xlsx
2022,9/20/22,lab,DOM Crossing Experiment 2,FILTER BLANK,FILTER BLANK,filter blank,,0,filtered,2022-09-20 FILTER BLANK T0 DOC,TDN,< LOD,mg N / L,,AQUA_data_2022-031_Marcarelli_2022-09-30_TOC+TN.xlsx
2022,9/20/22,lab,DOM Crossing Experiment 2,SRFA,CHLOR,sample,,0,filtered,2022-09-20 SFRA/CHLOR T0 DOC,TDN,329.8,mg N / L,,AQUA_data_2022-031_Marcarelli_2022-09-30_TOC+TN.xlsx
2022,9/20/22,lab,DOM Crossing Experiment 2,SRFA,ES,sample,,0,filtered,2022-09-20 SFRA/ES T0 DOC,TDN,326.1,mg N / L,,AQUA_data_2022-031_Marcarelli_2022-09-30_TOC+TN.xlsx
2022,9/20/22,lab,DOM Crossing Experiment 2,SRFA,SRFA,sample,,0,filtered,2022-09-20 SFRA/SFRA T0 DOC,TDN,329.4,mg N / L,,AQUA_data_2022-031_Marcarelli_2022-09-30_TOC+TN.xlsx
2022,10/4/22,lab,DOM Crossing Experiment 2,CHLOR,CHLOR,sample,1,14,filtered,2022-10-04 CHLOR/CHLOR 1 DOC,DOC,2.819,mg C / L,,AQUA_data_2022-032_Marcarelli_2022-10-11_TOC+TN.xlsx
2022,10/4/22,lab,DOM Crossing Experiment 2,CHLOR,CHLOR,sample,2,14,filtered,2022-10-04 CHLOR/CHLOR 2 DOC,DOC,2.97,mg C / L,,AQUA_data_2022-032_Marcarelli_2022-10-11_TOC+TN.xlsx
2022,10/4/22,lab,DOM Crossing Experiment 2,CHLOR,CHLOR,sample,3,14,filtered,2022-10-04 CHLOR/CHLOR 3 DOC,DOC,2.834,mg C / L,,AQUA_data_2022-032_Marcarelli_2022-10-11_TOC+TN.xlsx
2022,10/4/22,lab,DOM Crossing Experiment 2,CHLOR,ES,sample,1,14,filtered,2022-10-04 CHLOR/ES 1 DOC,DOC,8.485,mg C / L,,AQUA_data_2022-032_Marcarelli_2022-10-11_TOC+TN.xlsx
2022,10/4/22,lab,DOM Crossing Experiment 2,CHLOR,ES,sample,2,14,filtered,2022-10-04 CHLOR/ES 2 DOC,DOC,8.341,mg C / L,,AQUA_data_2022-032_Marcarelli_2022-10-11_TOC+TN.xlsx
2022,10/4/22,lab,DOM Crossing Experiment 2,CHLOR,ES,sample,3,14,filtered,2022-10-04 CHLOR/ES 3 DOC,DOC,8.122,mg C / L,,AQUA_data_2022-032_Marcarelli_2022-10-11_TOC+TN.xlsx
2022,10/4/22,lab,DOM Crossing Experiment 2,CHLOR,SRFA,sample,1,14,filtered,2022-10-04 CHLOR/SFRA 1 DOC,DOC,17.78,mg C / L,,AQUA_data_2022-032_Marcarelli_2022-10-11_TOC+TN.xlsx
2022,10/4/22,lab,DOM Crossing Experiment 2,CHLOR,SRFA,sample,2,14,filtered,2022-10-04 CHLOR/SFRA 2 DOC,DOC,17.37,mg C / L,,AQUA_data_2022-032_Marcarelli_2022-10-11_TOC+TN.xlsx
2022,10/4/22,lab,DOM Crossing Experiment 2,CHLOR,SRFA,sample,3,14,filtered,2022-10-04 CHLOR/SFRA 3 DOC,DOC,17.72,mg C / L,,AQUA_data_2022-032_Marcarelli_2022-10-11_TOC+TN.xlsx
2022,10/4/22,lab,DOM Crossing Experiment 2,CTRL,CHLOR,sample,1,14,filtered,2022-10-04 CTRL/CHLOR 1 DOC,DOC,5.303,mg C / L,,AQUA_data_2022-032_Marcarelli_2022-10-11_TOC+TN.xlsx
2022,10/4/22,lab,DOM Crossing Experiment 2,CTRL,ES,sample,1,14,filtered,2022-10-04 CTRL/ES 1 DOC,DOC,12.71,mg C / L,,AQUA_data_2022-032_Marcarelli_2022-10-11_TOC+TN.xlsx
2022,10/4/22,lab,DOM Crossing Experiment 2,CTRL,SRFA,sample,1,14,filtered,2022-10-04 CTRL/SFRA 1 DOC,DOC,21.86,mg C / L,,AQUA_data_2022-032_Marcarelli_2022-10-11_TOC+TN.xlsx
2022,10/4/22,lab,DOM Crossing Experiment 2,ES,CHLOR,sample,1,14,filtered,2022-10-04 ES/CHLOR 1 DOC,DOC,5.219,mg C / L,,AQUA_data_2022-032_Marcarelli_2022-10-11_TOC+TN.xlsx
2022,10/4/22,lab,DOM Crossing Experiment 2,ES,CHLOR,sample,2,14,filtered,2022-10-04 ES/CHLOR 2 DOC,DOC,3.598,mg C / L,,AQUA_data_2022-032_Marcarelli_2022-10-11_TOC+TN.xlsx
2022,10/4/22,lab,DOM Crossing Experiment 2,ES,CHLOR,sample,3,14,filtered,2022-10-04 ES/CHLOR 3 DOC,DOC,3.874,mg C / L,,AQUA_data_2022-032_Marcarelli_2022-10-11_TOC+TN.xlsx
2022,10/4/22,lab,DOM Crossing Experiment 2,ES,ES,sample,1,14,filtered,2022-10-04 ES/ES 1 DOC,DOC,9.105,mg C / L,,AQUA_data_2022-032_Marcarelli_2022-10-11_TOC+TN.xlsx
2022,10/4/22,lab,DOM Crossing Experiment 2,ES,ES,sample,2,14,filtered,2022-10-04 ES/ES 2 DOC,DOC,8.676,mg C / L,,AQUA_data_2022-032_Marcarelli_2022-10-11_TOC+TN.xlsx
2022,10/4/22,lab,DOM Crossing Experiment 2,ES,ES,sample,3,14,filtered,2022-10-04 ES/ES 3 DOC,DOC,8.92,mg C / L,,AQUA_data_2022-032_Marcarelli_2022-10-11_TOC+TN.xlsx
2022,10/4/22,lab,DOM Crossing Experiment 2,ES,SRFA,sample,1,14,filtered,2022-10-04 ES/SFRA 1 DOC,DOC,18.75,mg C / L,,AQUA_data_2022-032_Marcarelli_2022-10-11_TOC+TN.xlsx
2022,10/4/22,lab,DOM Crossing Experiment 2,ES,SRFA,sample,2,14,filtered,2022-10-04 ES/SFRA 2 DOC,DOC,18.03,mg C / L,,AQUA_data_2022-032_Marcarelli_2022-10-11_TOC+TN.xlsx
2022,10/4/22,lab,DOM Crossing Experiment 2,ES,SRFA,sample,3,14,filtered,2022-10-04 ES/SFRA 3 DOC,DOC,18.97,mg C / L,,AQUA_data_2022-032_Marcarelli_2022-10-11_TOC+TN.xlsx
2022,10/4/22,lab,DOM Crossing Experiment 2,SRFA,CHLOR,sample,1,14,filtered,2022-10-04 SFRA/CHLOR 1 DOC,DOC,5.654,mg C / L,,AQUA_data_2022-032_Marcarelli_2022-10-11_TOC+TN.xlsx
2022,10/4/22,lab,DOM Crossing Experiment 2,SRFA,CHLOR,sample,2,14,filtered,2022-10-04 SFRA/CHLOR 2 DOC,DOC,5.625,mg C / L,,AQUA_data_2022-032_Marcarelli_2022-10-11_TOC+TN.xlsx
2022,10/4/22,lab,DOM Crossing Experiment 2,SRFA,CHLOR,sample,3,14,filtered,2022-10-04 SFRA/CHLOR 3 DOC,DOC,5.7,mg C / L,,AQUA_data_2022-032_Marcarelli_2022-10-11_TOC+TN.xlsx
2022,10/4/22,lab,DOM Crossing Experiment 2,SRFA,ES,sample,1,14,filtered,2022-10-04 SFRA/ES 1 DOC,DOC,11.96,mg C / L,,AQUA_data_2022-032_Marcarelli_2022-10-11_TOC+TN.xlsx
2022,10/4/22,lab,DOM Crossing Experiment 2,SRFA,ES,sample,2,14,filtered,2022-10-04 SFRA/ES 2 DOC,DOC,13.37,mg C / L,,AQUA_data_2022-032_Marcarelli_2022-10-11_TOC+TN.xlsx
2022,10/4/22,lab,DOM Crossing Experiment 2,SRFA,ES,sample,3,14,filtered,2022-10-04 SFRA/ES 3 DOC,DOC,11.46,mg C / L,,AQUA_data_2022-032_Marcarelli_2022-10-11_TOC+TN.xlsx
2022,10/4/22,lab,DOM Crossing Experiment 2,SRFA,SRFA,sample,1,14,filtered,2022-10-04 SFRA/SFRA 1 DOC,DOC,20.1,mg C / L,,AQUA_data_2022-032_Marcarelli_2022-10-11_TOC+TN.xlsx
2022,10/4/22,lab,DOM Crossing Experiment 2,SRFA,SRFA,sample,2,14,filtered,2022-10-04 SFRA/SFRA 2 DOC,DOC,21.21,mg C / L,,AQUA_data_2022-032_Marcarelli_2022-10-11_TOC+TN.xlsx
2022,10/4/22,lab,DOM Crossing Experiment 2,SRFA,SRFA,sample,3,14,filtered,2022-10-04 SFRA/SFRA 3 DOC,DOC,20.84,mg C / L,,AQUA_data_2022-032_Marcarelli_2022-10-11_TOC+TN.xlsx
2022,10/4/22,lab,DOM Crossing Experiment 2,CHLOR,CHLOR,sample,1,14,filtered,2022-10-04 CHLOR/CHLOR 1 DOC,TDN,336.4,mg N / L,,AQUA_data_2022-032_Marcarelli_2022-10-11_TOC+TN.xlsx
2022,10/4/22,lab,DOM Crossing Experiment 2,CHLOR,CHLOR,sample,2,14,filtered,2022-10-04 CHLOR/CHLOR 2 DOC,TDN,337.1,mg N / L,,AQUA_data_2022-032_Marcarelli_2022-10-11_TOC+TN.xlsx
2022,10/4/22,lab,DOM Crossing Experiment 2,CHLOR,CHLOR,sample,3,14,filtered,2022-10-04 CHLOR/CHLOR 3 DOC,TDN,340.3,mg N / L,,AQUA_data_2022-032_Marcarelli_2022-10-11_TOC+TN.xlsx
2022,10/4/22,lab,DOM Crossing Experiment 2,CHLOR,ES,sample,1,14,filtered,2022-10-04 CHLOR/ES 1 DOC,TDN,332.5,mg N / L,,AQUA_data_2022-032_Marcarelli_2022-10-11_TOC+TN.xlsx
2022,10/4/22,lab,DOM Crossing Experiment 2,CHLOR,ES,sample,2,14,filtered,2022-10-04 CHLOR/ES 2 DOC,TDN,333,mg N / L,,AQUA_data_2022-032_Marcarelli_2022-10-11_TOC+TN.xlsx
2022,10/4/22,lab,DOM Crossing Experiment 2,CHLOR,ES,sample,3,14,filtered,2022-10-04 CHLOR/ES 3 DOC,TDN,331.2,mg N / L,,AQUA_data_2022-032_Marcarelli_2022-10-11_TOC+TN.xlsx
2022,10/4/22,lab,DOM Crossing Experiment 2,CHLOR,SRFA,sample,1,14,filtered,2022-10-04 CHLOR/SFRA 1 DOC,TDN,330.2,mg N / L,,AQUA_data_2022-032_Marcarelli_2022-10-11_TOC+TN.xlsx
2022,10/4/22,lab,DOM Crossing Experiment 2,CHLOR,SRFA,sample,2,14,filtered,2022-10-04 CHLOR/SFRA 2 DOC,TDN,329.4,mg N / L,,AQUA_data_2022-032_Marcarelli_2022-10-11_TOC+TN.xlsx
2022,10/4/22,lab,DOM Crossing Experiment 2,CHLOR,SRFA,sample,3,14,filtered,2022-10-04 CHLOR/SFRA 3 DOC,TDN,328.4,mg N / L,,AQUA_data_2022-032_Marcarelli_2022-10-11_TOC+TN.xlsx
2022,10/4/22,lab,DOM Crossing Experiment 2,CTRL,CHLOR,sample,1,14,filtered,2022-10-04 CTRL/CHLOR 1 DOC,TDN,339.4,mg N / L,,AQUA_data_2022-032_Marcarelli_2022-10-11_TOC+TN.xlsx
2022,10/4/22,lab,DOM Crossing Experiment 2,CTRL,ES,sample,1,14,filtered,2022-10-04 CTRL/ES 1 DOC,TDN,331.6,mg N / L,,AQUA_data_2022-032_Marcarelli_2022-10-11_TOC+TN.xlsx
2022,10/4/22,lab,DOM Crossing Experiment 2,CTRL,SRFA,sample,1,14,filtered,2022-10-04 CTRL/SFRA 1 DOC,TDN,330.1,mg N / L,,AQUA_data_2022-032_Marcarelli_2022-10-11_TOC+TN.xlsx
2022,10/4/22,lab,DOM Crossing Experiment 2,ES,CHLOR,sample,1,14,filtered,2022-10-04 ES/CHLOR 1 DOC,TDN,325.6,mg N / L,,AQUA_data_2022-032_Marcarelli_2022-10-11_TOC+TN.xlsx
2022,10/4/22,lab,DOM Crossing Experiment 2,ES,CHLOR,sample,2,14,filtered,2022-10-04 ES/CHLOR 2 DOC,TDN,324.6,mg N / L,,AQUA_data_2022-032_Marcarelli_2022-10-11_TOC+TN.xlsx
2022,10/4/22,lab,DOM Crossing Experiment 2,ES,CHLOR,sample,3,14,filtered,2022-10-04 ES/CHLOR 3 DOC,TDN,322.4,mg N / L,,AQUA_data_2022-032_Marcarelli_2022-10-11_TOC+TN.xlsx
2022,10/4/22,lab,DOM Crossing Experiment 2,ES,ES,sample,1,14,filtered,2022-10-04 ES/ES 1 DOC,TDN,312.1,mg N / L,,AQUA_data_2022-032_Marcarelli_2022-10-11_TOC+TN.xlsx
2022,10/4/22,lab,DOM Crossing Experiment 2,ES,ES,sample,2,14,filtered,2022-10-04 ES/ES 2 DOC,TDN,316.8,mg N / L,,AQUA_data_2022-032_Marcarelli_2022-10-11_TOC+TN.xlsx
2022,10/4/22,lab,DOM Crossing Experiment 2,ES,ES,sample,3,14,filtered,2022-10-04 ES/ES 3 DOC,TDN,316.6,mg N / L,,AQUA_data_2022-032_Marcarelli_2022-10-11_TOC+TN.xlsx
2022,10/4/22,lab,DOM Crossing Experiment 2,ES,SRFA,sample,1,14,filtered,2022-10-04 ES/SFRA 1 DOC,TDN,314.6,mg N / L,,AQUA_data_2022-032_Marcarelli_2022-10-11_TOC+TN.xlsx
2022,10/4/22,lab,DOM Crossing Experiment 2,ES,SRFA,sample,2,14,filtered,2022-10-04 ES/SFRA 2 DOC,TDN,319.1,mg N / L,,AQUA_data_2022-032_Marcarelli_2022-10-11_TOC+TN.xlsx
2022,10/4/22,lab,DOM Crossing Experiment 2,ES,SRFA,sample,3,14,filtered,2022-10-04 ES/SFRA 3 DOC,TDN,319.6,mg N / L,,AQUA_data_2022-032_Marcarelli_2022-10-11_TOC+TN.xlsx
2022,10/4/22,lab,DOM Crossing Experiment 2,SRFA,CHLOR,sample,1,14,filtered,2022-10-04 SFRA/CHLOR 1 DOC,TDN,337.6,mg N / L,,AQUA_data_2022-032_Marcarelli_2022-10-11_TOC+TN.xlsx
2022,10/4/22,lab,DOM Crossing Experiment 2,SRFA,CHLOR,sample,2,14,filtered,2022-10-04 SFRA/CHLOR 2 DOC,TDN,339.5,mg N / L,tail,AQUA_data_2022-032_Marcarelli_2022-10-11_TOC+TN.xlsx
2022,10/4/22,lab,DOM Crossing Experiment 2,SRFA,CHLOR,sample,3,14,filtered,2022-10-04 SFRA/CHLOR 3 DOC,TDN,334.2,mg N / L,,AQUA_data_2022-032_Marcarelli_2022-10-11_TOC+TN.xlsx
2022,10/4/22,lab,DOM Crossing Experiment 2,SRFA,ES,sample,1,14,filtered,2022-10-04 SFRA/ES 1 DOC,TDN,323.2,mg N / L,,AQUA_data_2022-032_Marcarelli_2022-10-11_TOC+TN.xlsx
2022,10/4/22,lab,DOM Crossing Experiment 2,SRFA,ES,sample,2,14,filtered,2022-10-04 SFRA/ES 2 DOC,TDN,325.1,mg N / L,,AQUA_data_2022-032_Marcarelli_2022-10-11_TOC+TN.xlsx
2022,10/4/22,lab,DOM Crossing Experiment 2,SRFA,ES,sample,3,14,filtered,2022-10-04 SFRA/ES 3 DOC,TDN,318.6,mg N / L,,AQUA_data_2022-032_Marcarelli_2022-10-11_TOC+TN.xlsx
2022,10/4/22,lab,DOM Crossing Experiment 2,SRFA,SRFA,sample,1,14,filtered,2022-10-04 SFRA/SFRA 1 DOC,TDN,320.1,mg N / L,,AQUA_data_2022-032_Marcarelli_2022-10-11_TOC+TN.xlsx
2022,10/4/22,lab,DOM Crossing Experiment 2,SRFA,SRFA,sample,2,14,filtered,2022-10-04 SFRA/SFRA 2 DOC,TDN,321,mg N / L,,AQUA_data_2022-032_Marcarelli_2022-10-11_TOC+TN.xlsx
2022,10/4/22,lab,DOM Crossing Experiment 2,SRFA,SRFA,sample,3,14,filtered,2022-10-04 SFRA/SFRA 3 DOC,TDN,317.2,mg N / L,,AQUA_data_2022-032_Marcarelli_2022-10-11_TOC+TN.xlsx
2022,11/1/22,lab,Pilgrim R DOM Experiment,CHLOR,Pilgrim R,sample,,0,filtered,2022-11-01 CHLOR/PR T0 DOC,DOC,5.666,mg C / L,,AQUA_data_2022-036_Marcarelli_2022-11-17_TOC+TN.xlsx
2022,11/15/22,lab,Pilgrim R DOM Experiment,CHLOR,Pilgrim R,sample,1,14,filtered,2022-11-15 CHLOR/PR 1 DOC,DOC,5.99,mg C / L,,AQUA_data_2022-036_Marcarelli_2022-11-17_TOC+TN.xlsx
2022,11/15/22,lab,Pilgrim R DOM Experiment,CHLOR,Pilgrim R,sample,2,14,filtered,2022-11-15 CHLOR/PR 2 DOC,DOC,12.67,mg C / L,,AQUA_data_2022-036_Marcarelli_2022-11-17_TOC+TN.xlsx
2022,11/15/22,lab,Pilgrim R DOM Experiment,CHLOR,Pilgrim R,sample,3,14,filtered,2022-11-15 CHLOR/PR 3 DOC,DOC,10.17,mg C / L,,AQUA_data_2022-036_Marcarelli_2022-11-17_TOC+TN.xlsx
2022,11/1/22,lab,Pilgrim R DOM Experiment,ES,Pilgrim R,sample,,0,filtered,2022-11-01 ES/PR T0 DOC,DOC,8.705,mg C / L,,AQUA_data_2022-036_Marcarelli_2022-11-17_TOC+TN.xlsx
2022,11/15/22,lab,Pilgrim R DOM Experiment,ES,Pilgrim R,sample,1,14,filtered,2022-11-15 ES/PR 1 DOC,DOC,16.47,mg C / L,,AQUA_data_2022-036_Marcarelli_2022-11-17_TOC+TN.xlsx
2022,11/15/22,lab,Pilgrim R DOM Experiment,ES,Pilgrim R,sample,2,14,filtered,2022-11-15 ES/PR 2 DOC,DOC,8.142,mg C / L,,AQUA_data_2022-036_Marcarelli_2022-11-17_TOC+TN.xlsx
2022,11/15/22,lab,Pilgrim R DOM Experiment,ES,Pilgrim R,sample,3,14,filtered,2022-11-15 ES/PR 3 DOC,DOC,7.277,mg C / L,,AQUA_data_2022-036_Marcarelli_2022-11-17_TOC+TN.xlsx
2022,11/1/22,lab,Pilgrim R DOM Experiment,SRFA,Pilgrim R,sample,,0,filtered,2022-11-01 SFRA/PR T0 DOC,DOC,7.241,mg C / L,,AQUA_data_2022-036_Marcarelli_2022-11-17_TOC+TN.xlsx
2022,11/15/22,lab,Pilgrim R DOM Experiment,SRFA,Pilgrim R,sample,1,14,filtered,2022-11-15 SFRA/PR 1 DOC,DOC,7.541,mg C / L,,AQUA_data_2022-036_Marcarelli_2022-11-17_TOC+TN.xlsx
2022,11/15/22,lab,Pilgrim R DOM Experiment,SRFA,Pilgrim R,sample,2,14,filtered,2022-11-15 SFRA/PR 2 DOC,DOC,8.999,mg C / L,,AQUA_data_2022-036_Marcarelli_2022-11-17_TOC+TN.xlsx
2022,11/15/22,lab,Pilgrim R DOM Experiment,SRFA,Pilgrim R,sample,3,14,filtered,2022-11-15 SFRA/PR 3 DOC,DOC,7.431,mg C / L,,AQUA_data_2022-036_Marcarelli_2022-11-17_TOC+TN.xlsx
2022,11/1/22,lab,Pilgrim R DOM Experiment,CTRL,Pilgrim R,sample,,0,filtered,2022-11-01 CTRL/PR T0 DOC,DOC,6.855,mg C / L,,AQUA_data_2022-036_Marcarelli_2022-11-17_TOC+TN.xlsx
2022,11/15/22,lab,Pilgrim R DOM Experiment,CTRL,Pilgrim R,sample,1,14,filtered,2022-11-15 CTRL/PR 1 DOC,DOC,7.763,mg C / L,,AQUA_data_2022-036_Marcarelli_2022-11-17_TOC+TN.xlsx
2022,11/15/22,lab,Pilgrim R DOM Experiment,CTRL,Pilgrim R,sample,2,14,filtered,2022-11-15 CTRL/PR 2 DOC,DOC,9.798,mg C / L,,AQUA_data_2022-036_Marcarelli_2022-11-17_TOC+TN.xlsx
2022,11/15/22,lab,Pilgrim R DOM Experiment,CTRL,Pilgrim R,sample,3,14,filtered,2022-11-15 CTRL/PR 3 DOC,DOC,7.802,mg C / L,,AQUA_data_2022-036_Marcarelli_2022-11-17_TOC+TN.xlsx
2022,11/1/22,lab,Pilgrim R DOM Experiment,FILTER BLANK,FILTER BLANK,filter blank,,0,filtered,2022-11-01 FILTER BLANK T0 DOC,DOC,0.9111,mg C / L,,AQUA_data_2022-036_Marcarelli_2022-11-17_TOC+TN.xlsx
2022,11/1/22,lab,Pilgrim R DOM Experiment,CHLOR,Pilgrim R,sample,,0,filtered,2022-11-01 CHLOR/PR T0 DOC,TDN,31.63,mg N / L,,AQUA_data_2022-036_Marcarelli_2022-11-17_TOC+TN.xlsx
2022,11/15/22,lab,Pilgrim R DOM Experiment,CHLOR,Pilgrim R,sample,1,14,filtered,2022-11-15 CHLOR/PR 1 DOC,TDN,32.28,mg N / L,,AQUA_data_2022-036_Marcarelli_2022-11-17_TOC+TN.xlsx
2022,11/15/22,lab,Pilgrim R DOM Experiment,CHLOR,Pilgrim R,sample,2,14,filtered,2022-11-15 CHLOR/PR 2 DOC,TDN,33.86,mg N / L,,AQUA_data_2022-036_Marcarelli_2022-11-17_TOC+TN.xlsx
2022,11/15/22,lab,Pilgrim R DOM Experiment,CHLOR,Pilgrim R,sample,3,14,filtered,2022-11-15 CHLOR/PR 3 DOC,TDN,34.38,mg N / L,,AQUA_data_2022-036_Marcarelli_2022-11-17_TOC+TN.xlsx
2022,11/1/22,lab,Pilgrim R DOM Experiment,ES,Pilgrim R,sample,,0,filtered,2022-11-01 ES/PR T0 DOC,TDN,32.09,mg N / L,,AQUA_data_2022-036_Marcarelli_2022-11-17_TOC+TN.xlsx
2022,11/15/22,lab,Pilgrim R DOM Experiment,ES,Pilgrim R,sample,1,14,filtered,2022-11-15 ES/PR 1 DOC,TDN,32.37,mg N / L,,AQUA_data_2022-036_Marcarelli_2022-11-17_TOC+TN.xlsx
2022,11/15/22,lab,Pilgrim R DOM Experiment,ES,Pilgrim R,sample,2,14,filtered,2022-11-15 ES/PR 2 DOC,TDN,31.46,mg N / L,,AQUA_data_2022-036_Marcarelli_2022-11-17_TOC+TN.xlsx
2022,11/15/22,lab,Pilgrim R DOM Experiment,ES,Pilgrim R,sample,3,14,filtered,2022-11-15 ES/PR 3 DOC,TDN,32.47,mg N / L,,AQUA_data_2022-036_Marcarelli_2022-11-17_TOC+TN.xlsx
2022,11/1/22,lab,Pilgrim R DOM Experiment,SRFA,Pilgrim R,sample,,0,filtered,2022-11-01 SFRA/PR T0 DOC,TDN,30.66,mg N / L,,AQUA_data_2022-036_Marcarelli_2022-11-17_TOC+TN.xlsx
2022,11/15/22,lab,Pilgrim R DOM Experiment,SRFA,Pilgrim R,sample,1,14,filtered,2022-11-15 SFRA/PR 1 DOC,TDN,33.87,mg N / L,,AQUA_data_2022-036_Marcarelli_2022-11-17_TOC+TN.xlsx
2022,11/15/22,lab,Pilgrim R DOM Experiment,SRFA,Pilgrim R,sample,2,14,filtered,2022-11-15 SFRA/PR 2 DOC,TDN,33.52,mg N / L,,AQUA_data_2022-036_Marcarelli_2022-11-17_TOC+TN.xlsx
2022,11/15/22,lab,Pilgrim R DOM Experiment,SRFA,Pilgrim R,sample,3,14,filtered,2022-11-15 SFRA/PR 3 DOC,TDN,33.26,mg N / L,,AQUA_data_2022-036_Marcarelli_2022-11-17_TOC+TN.xlsx
2022,11/1/22,lab,Pilgrim R DOM Experiment,CTRL,Pilgrim R,sample,,0,filtered,2022-11-01 CTRL/PR T0 DOC,TDN,<LOD,mg N / L,NOTE LOD high because ran with a high standard curve - could rerun and TDN would likely be in range of detection.,AQUA_data_2022-036_Marcarelli_2022-11-17_TOC+TN.xlsx
2022,11/15/22,lab,Pilgrim R DOM Experiment,CTRL,Pilgrim R,sample,1,14,filtered,2022-11-15 CTRL/PR 1 DOC,TDN,<LOD,mg N / L,NOTE LOD high because ran with a high standard curve - could rerun and TDN would likely be in range of detection.,AQUA_data_2022-036_Marcarelli_2022-11-17_TOC+TN.xlsx
2022,11/15/22,lab,Pilgrim R DOM Experiment,CTRL,Pilgrim R,sample,2,14,filtered,2022-11-15 CTRL/PR 2 DOC,TDN,<LOD,mg N / L,NOTE LOD high because ran with a high standard curve - could rerun and TDN would likely be in range of detection.,AQUA_data_2022-036_Marcarelli_2022-11-17_TOC+TN.xlsx
2022,11/15/22,lab,Pilgrim R DOM Experiment,CTRL,Pilgrim R,sample,3,14,filtered,2022-11-15 CTRL/PR 3 DOC,TDN,<LOD,mg N / L,NOTE LOD high because ran with a high standard curve - could rerun and TDN would likely be in range of detection.,AQUA_data_2022-036_Marcarelli_2022-11-17_TOC+TN.xlsx
2022,11/1/22,lab,Pilgrim R DOM Experiment,FILTER BLANK,FILTER BLANK,filter blank,,0,filtered,2022-11-01 FILTER BLANK T0 DOC,TDN,<LOD,mg N / L,NOTE LOD high because ran with a high standard curve - could rerun and TDN would likely be in range of detection.,AQUA_data_2022-036_Marcarelli_2022-11-17_TOC+TN.xlsx